trial,target_g,time_s,raw,voltage
1,25,0.000,688,0.0346
1,25,0.052,320,0.0161
1,25,0.103,816,0.0411
1,25,0.154,336,0.0169
1,25,0.205,688,0.0346
1,25,0.256,320,0.0161
1,25,0.307,208,0.0105
1,25,0.358,368,0.0185
1,25,0.410,256,0.0129
1,25,0.461,848,0.0427
1,25,0.512,256,0.0129
1,25,0.563,704,0.0354
1,25,0.615,320,0.0161
1,25,0.666,320,0.0161
1,25,0.717,320,0.0161
1,25,0.768,176,0.0089
1,25,0.819,800,0.0403
1,25,0.870,336,0.0169
1,25,0.921,848,0.0427
1,25,0.973,320,0.0161
1,25,1.024,416,0.0209
1,25,1.075,256,0.0129
1,25,1.126,304,0.0153
1,25,1.177,304,0.0153
1,25,1.228,320,0.0161
1,25,1.279,864,0.0435
1,25,1.331,320,0.0161
1,25,1.382,672,0.0338
1,25,1.433,336,0.0169
1,25,1.484,336,0.0169
1,25,1.536,160,0.0081
1,25,1.587,320,0.0161
1,25,1.638,896,0.0451
1,25,1.690,320,0.0161
1,25,1.741,576,0.0290
1,25,1.792,320,0.0161
1,25,1.843,336,0.0169
1,25,1.895,320,0.0161
1,25,1.946,304,0.0153
1,25,1.997,864,0.0435
1,25,2.048,320,0.0161
1,25,2.100,784,0.0395
1,25,2.151,304,0.0153
1,25,2.202,320,0.0161
1,25,2.253,384,0.0193
1,25,2.305,304,0.0153
1,25,2.356,768,0.0387
1,25,2.407,224,0.0113
1,25,2.458,672,0.0338
1,25,2.510,208,0.0105
1,25,2.561,512,0.0258
1,25,2.612,336,0.0169
1,25,2.663,352,0.0177
1,25,2.715,416,0.0209
1,25,2.766,320,0.0161
1,25,2.817,832,0.0419
1,25,2.868,320,0.0161
1,25,2.920,640,0.0322
1,25,2.971,320,0.0161
2,25,0.000,752,0.0379
2,25,0.052,336,0.0169
2,25,0.103,320,0.0161
2,25,0.154,336,0.0169
2,25,0.206,352,0.0177
2,25,0.257,1024,0.0516
2,25,0.308,320,0.0161
2,25,0.359,832,0.0419
2,25,0.410,320,0.0161
2,25,0.461,640,0.0322
2,25,0.512,320,0.0161
2,25,0.564,336,0.0169
2,25,0.615,400,0.0201
2,25,0.666,352,0.0177
2,25,0.717,784,0.0395
2,25,0.769,320,0.0161
2,25,0.820,656,0.0330
2,25,0.871,320,0.0161
2,25,0.922,256,0.0129
2,25,0.974,320,0.0161
2,25,1.025,256,0.0129
2,25,1.076,816,0.0411
2,25,1.127,256,0.0129
2,25,1.178,736,0.0371
2,25,1.229,320,0.0161
2,25,1.280,336,0.0169
2,25,1.332,304,0.0153
2,25,1.383,192,0.0097
2,25,1.434,720,0.0363
2,25,1.486,320,0.0161
2,25,1.537,864,0.0435
2,25,1.588,320,0.0161
2,25,1.639,352,0.0177
2,25,1.691,272,0.0137
2,25,1.742,320,0.0161
2,25,1.793,800,0.0403
2,25,1.844,384,0.0193
2,25,1.896,992,0.0500
2,25,1.947,176,0.0089
2,25,1.998,432,0.0218
2,25,2.049,320,0.0161
2,25,2.101,320,0.0161
2,25,2.152,688,0.0346
2,25,2.203,352,0.0177
2,25,2.254,752,0.0379
2,25,2.305,448,0.0226
2,25,2.356,592,0.0298
2,25,2.407,320,0.0161
2,25,2.459,320,0.0161
2,25,2.510,352,0.0177
2,25,2.561,320,0.0161
2,25,2.612,848,0.0427
2,25,2.664,272,0.0137
2,25,2.715,576,0.0290
2,25,2.766,336,0.0169
2,25,2.817,336,0.0169
2,25,2.869,304,0.0153
2,25,2.920,352,0.0177
2,25,2.971,864,0.0435
3,25,0.000,352,0.0177
3,25,0.051,784,0.0395
3,25,0.102,352,0.0177
3,25,0.153,768,0.0387
3,25,0.204,336,0.0169
3,25,0.255,432,0.0218
3,25,0.306,320,0.0161
3,25,0.357,336,0.0169
3,25,0.409,592,0.0298
3,25,0.460,464,0.0234
3,25,0.511,816,0.0411
3,25,0.562,256,0.0129
3,25,0.614,608,0.0306
3,25,0.665,512,0.0258
3,25,0.716,336,0.0169
3,25,0.768,304,0.0153
3,25,0.819,384,0.0193
3,25,0.870,880,0.0443
3,25,0.921,304,0.0153
3,25,0.973,528,0.0266
3,25,1.024,320,0.0161
3,25,1.075,416,0.0209
3,25,1.126,304,0.0153
3,25,1.177,192,0.0097
3,25,1.228,816,0.0411
3,25,1.279,192,0.0097
3,25,1.331,768,0.0387
3,25,1.382,608,0.0306
3,25,1.433,304,0.0153
3,25,1.484,320,0.0161
3,25,1.536,544,0.0274
3,25,1.587,832,0.0419
3,25,1.638,368,0.0185
3,25,1.689,768,0.0387
3,25,1.740,320,0.0161
3,25,1.791,448,0.0226
3,25,1.842,608,0.0306
3,25,1.893,400,0.0201
3,25,1.944,528,0.0266
3,25,1.995,320,0.0161
3,25,2.046,880,0.0443
3,25,2.098,320,0.0161
3,25,2.149,736,0.0371
3,25,2.200,256,0.0129
3,25,2.251,336,0.0169
3,25,2.303,320,0.0161
3,25,2.354,240,0.0121
3,25,2.405,864,0.0435
3,25,2.456,384,0.0193
3,25,2.508,720,0.0363
3,25,2.559,336,0.0169
3,25,2.610,320,0.0161
3,25,2.662,336,0.0169
3,25,2.713,320,0.0161
3,25,2.764,896,0.0451
3,25,2.815,320,0.0161
3,25,2.867,736,0.0371
3,25,2.918,272,0.0137
3,25,2.969,336,0.0169
4,50,0.001,288,0.0145
4,50,0.052,336,0.0169
4,50,0.104,320,0.0161
4,50,0.155,928,0.0467
4,50,0.206,320,0.0161
4,50,0.257,704,0.0354
4,50,0.309,320,0.0161
4,50,0.360,320,0.0161
4,50,0.411,256,0.0129
4,50,0.463,320,0.0161
4,50,0.514,816,0.0411
4,50,0.565,320,0.0161
4,50,0.616,768,0.0387
4,50,0.668,272,0.0137
4,50,0.719,336,0.0169
4,50,0.770,384,0.0193
4,50,0.821,320,0.0161
4,50,0.873,896,0.0451
4,50,0.924,336,0.0169
4,50,0.975,720,0.0363
4,50,1.026,336,0.0169
4,50,1.078,288,0.0145
4,50,1.129,224,0.0113
4,50,1.180,336,0.0169
4,50,1.231,832,0.0419
4,50,1.283,336,0.0169
4,50,1.334,912,0.0459
4,50,1.385,256,0.0129
4,50,1.437,160,0.0081
4,50,1.488,320,0.0161
4,50,1.539,576,0.0290
4,50,1.590,944,0.0475
4,50,1.641,320,0.0161
4,50,1.692,848,0.0427
4,50,1.743,320,0.0161
4,50,1.794,672,0.0338
4,50,1.846,320,0.0161
4,50,1.897,320,0.0161
4,50,1.948,352,0.0177
4,50,2.000,320,0.0161
4,50,2.051,864,0.0435
4,50,2.102,208,0.0105
4,50,2.153,672,0.0338
4,50,2.204,320,0.0161
4,50,2.256,320,0.0161
4,50,2.307,304,0.0153
4,50,2.358,336,0.0169
4,50,2.410,864,0.0435
4,50,2.461,320,0.0161
4,50,2.512,704,0.0354
4,50,2.563,336,0.0169
4,50,2.615,320,0.0161
4,50,2.666,480,0.0242
4,50,2.717,176,0.0089
4,50,2.768,896,0.0451
4,50,2.820,320,0.0161
4,50,2.871,736,0.0371
4,50,2.922,336,0.0169
4,50,2.973,320,0.0161
5,50,0.000,336,0.0169
5,50,0.051,656,0.0330
5,50,0.103,336,0.0169
5,50,0.154,320,0.0161
5,50,0.205,336,0.0169
5,50,0.256,352,0.0177
5,50,0.308,816,0.0411
5,50,0.359,320,0.0161
5,50,0.410,496,0.0250
5,50,0.461,336,0.0169
5,50,0.513,256,0.0129
5,50,0.564,336,0.0169
5,50,0.615,208,0.0105
5,50,0.666,864,0.0435
5,50,0.717,304,0.0153
5,50,0.768,768,0.0387
5,50,0.819,336,0.0169
5,50,0.871,336,0.0169
5,50,0.922,352,0.0177
5,50,0.973,320,0.0161
5,50,1.024,416,0.0209
5,50,1.075,336,0.0169
5,50,1.126,880,0.0443
5,50,1.177,320,0.0161
5,50,1.229,480,0.0242
5,50,1.280,160,0.0081
5,50,1.331,320,0.0161
5,50,1.382,672,0.0338
5,50,1.434,320,0.0161
5,50,1.485,784,0.0395
5,50,1.536,288,0.0145
5,50,1.587,832,0.0419
5,50,1.638,352,0.0177
5,50,1.689,304,0.0153
5,50,1.740,320,0.0161
5,50,1.792,320,0.0161
5,50,1.843,864,0.0435
5,50,1.894,320,0.0161
5,50,1.945,688,0.0346
5,50,1.997,320,0.0161
5,50,2.048,304,0.0153
5,50,2.099,464,0.0234
5,50,2.150,320,0.0161
5,50,2.201,640,0.0322
5,50,2.252,544,0.0274
5,50,2.303,768,0.0387
5,50,2.354,592,0.0298
5,50,2.405,640,0.0322
5,50,2.456,272,0.0137
5,50,2.507,320,0.0161
5,50,2.559,320,0.0161
5,50,2.610,352,0.0177
5,50,2.661,832,0.0419
5,50,2.712,432,0.0218
5,50,2.764,576,0.0290
5,50,2.815,320,0.0161
5,50,2.866,480,0.0242
5,50,2.917,384,0.0193
5,50,2.968,320,0.0161
6,50,0.001,128,0.0064
6,50,0.052,688,0.0346
6,50,0.104,320,0.0161
6,50,0.155,352,0.0177
6,50,0.206,304,0.0153
6,50,0.257,320,0.0161
6,50,0.309,864,0.0435
6,50,0.360,336,0.0169
6,50,0.411,656,0.0330
6,50,0.462,320,0.0161
6,50,0.514,336,0.0169
6,50,0.565,336,0.0169
6,50,0.616,240,0.0121
6,50,0.667,784,0.0395
6,50,0.718,480,0.0242
6,50,0.769,720,0.0363
6,50,0.820,352,0.0177
6,50,0.872,320,0.0161
6,50,0.923,320,0.0161
6,50,0.974,336,0.0169
6,50,1.025,800,0.0403
6,50,1.077,208,0.0105
6,50,1.128,768,0.0387
6,50,1.179,208,0.0105
6,50,1.230,336,0.0169
6,50,1.282,256,0.0129
6,50,1.333,320,0.0161
6,50,1.384,320,0.0161
6,50,1.435,320,0.0161
6,50,1.487,848,0.0427
6,50,1.538,272,0.0137
6,50,1.589,272,0.0137
6,50,1.641,320,0.0161
6,50,1.692,336,0.0169
6,50,1.743,944,0.0475
6,50,1.794,320,0.0161
6,50,1.846,800,0.0403
6,50,1.897,320,0.0161
6,50,1.948,576,0.0290
6,50,1.999,512,0.0258
6,50,2.051,160,0.0081
6,50,2.102,320,0.0161
6,50,2.153,352,0.0177
6,50,2.204,336,0.0169
6,50,2.255,320,0.0161
6,50,2.306,672,0.0338
6,50,2.357,320,0.0161
6,50,2.409,304,0.0153
6,50,2.460,320,0.0161
6,50,2.511,400,0.0201
6,50,2.562,896,0.0451
6,50,2.614,320,0.0161
6,50,2.665,656,0.0330
6,50,2.716,320,0.0161
6,50,2.767,320,0.0161
6,50,2.819,320,0.0161
6,50,2.870,320,0.0161
6,50,2.921,848,0.0427
6,50,2.972,272,0.0137
7,75,0.000,336,0.0169
7,75,0.051,320,0.0161
7,75,0.102,320,0.0161
7,75,0.153,304,0.0153
7,75,0.204,848,0.0427
7,75,0.256,320,0.0161
7,75,0.307,560,0.0282
7,75,0.358,320,0.0161
7,75,0.409,336,0.0169
7,75,0.460,320,0.0161
7,75,0.511,272,0.0137
7,75,0.562,896,0.0451
7,75,0.613,192,0.0097
7,75,0.665,688,0.0346
7,75,0.716,320,0.0161
7,75,0.767,400,0.0201
7,75,0.818,464,0.0234
7,75,0.869,384,0.0193
7,75,0.920,592,0.0298
7,75,0.971,320,0.0161
7,75,1.022,832,0.0419
7,75,1.073,352,0.0177
7,75,1.124,528,0.0266
7,75,1.175,288,0.0145
7,75,1.227,320,0.0161
7,75,1.278,288,0.0145
7,75,1.329,336,0.0169
7,75,1.380,848,0.0427
7,75,1.431,272,0.0137
7,75,1.482,768,0.0387
7,75,1.533,336,0.0169
7,75,1.585,336,0.0169
7,75,1.636,400,0.0201
7,75,1.687,208,0.0105
7,75,1.738,816,0.0411
7,75,1.790,320,0.0161
7,75,1.841,672,0.0338
7,75,1.892,320,0.0161
7,75,1.943,320,0.0161
7,75,1.995,336,0.0169
7,75,2.046,384,0.0193
7,75,2.097,896,0.0451
7,75,2.148,480,0.0242
7,75,2.199,832,0.0419
7,75,2.250,272,0.0137
7,75,2.301,384,0.0193
7,75,2.352,320,0.0161
7,75,2.403,368,0.0185
7,75,2.454,320,0.0161
7,75,2.505,192,0.0097
7,75,2.557,864,0.0435
7,75,2.608,320,0.0161
7,75,2.659,624,0.0314
7,75,2.711,320,0.0161
7,75,2.762,336,0.0169
7,75,2.813,304,0.0153
7,75,2.864,320,0.0161
7,75,2.916,912,0.0459
7,75,2.967,304,0.0153
8,75,0.001,320,0.0161
8,75,0.052,832,0.0419
8,75,0.104,160,0.0081
8,75,0.155,384,0.0193
8,75,0.206,208,0.0105
8,75,0.258,176,0.0089
8,75,0.309,848,0.0427
8,75,0.360,336,0.0169
8,75,0.411,896,0.0451
8,75,0.463,176,0.0089
8,75,0.514,304,0.0153
8,75,0.565,592,0.0298
8,75,0.617,304,0.0153
8,75,0.668,816,0.0411
8,75,0.719,304,0.0153
8,75,0.770,928,0.0467
8,75,0.822,240,0.0121
8,75,0.873,320,0.0161
8,75,0.924,320,0.0161
8,75,0.975,304,0.0153
8,75,1.027,800,0.0403
8,75,1.078,336,0.0169
8,75,1.129,768,0.0387
8,75,1.180,256,0.0129
8,75,1.231,544,0.0274
8,75,1.282,336,0.0169
8,75,1.333,320,0.0161
8,75,1.385,320,0.0161
8,75,1.436,320,0.0161
8,75,1.487,832,0.0419
8,75,1.538,256,0.0129
8,75,1.590,400,0.0201
8,75,1.641,320,0.0161
8,75,1.692,288,0.0145
8,75,1.743,368,0.0185
8,75,1.795,320,0.0161
8,75,1.846,800,0.0403
8,75,1.897,320,0.0161
8,75,1.948,624,0.0314
8,75,1.999,336,0.0169
8,75,2.050,320,0.0161
8,75,2.101,320,0.0161
8,75,2.153,320,0.0161
8,75,2.204,848,0.0427
8,75,2.255,320,0.0161
8,75,2.306,736,0.0371
8,75,2.358,320,0.0161
8,75,2.409,336,0.0169
8,75,2.460,208,0.0105
8,75,2.511,352,0.0177
8,75,2.563,944,0.0475
8,75,2.614,544,0.0274
8,75,2.665,656,0.0330
8,75,2.716,336,0.0169
8,75,2.768,320,0.0161
8,75,2.819,320,0.0161
8,75,2.870,320,0.0161
8,75,2.921,944,0.0475
8,75,2.973,256,0.0129
9,75,0.001,304,0.0153
9,75,0.052,848,0.0427
9,75,0.104,352,0.0177
9,75,0.155,656,0.0330
9,75,0.206,320,0.0161
9,75,0.257,304,0.0153
9,75,0.308,384,0.0193
9,75,0.359,336,0.0169
9,75,0.410,768,0.0387
9,75,0.462,320,0.0161
9,75,0.513,736,0.0371
9,75,0.564,320,0.0161
9,75,0.615,176,0.0089
9,75,0.667,384,0.0193
9,75,0.718,336,0.0169
9,75,0.769,816,0.0411
9,75,0.821,320,0.0161
9,75,0.872,720,0.0363
9,75,0.923,432,0.0218
9,75,0.974,320,0.0161
9,75,1.026,320,0.0161
9,75,1.077,320,0.0161
9,75,1.128,880,0.0443
9,75,1.180,320,0.0161
9,75,1.231,848,0.0427
9,75,1.282,288,0.0145
9,75,1.333,320,0.0161
9,75,1.384,336,0.0169
9,75,1.435,336,0.0169
9,75,1.486,272,0.0137
9,75,1.537,224,0.0113
9,75,1.589,768,0.0387
9,75,1.640,336,0.0169
9,75,1.691,464,0.0234
9,75,1.742,320,0.0161
9,75,1.794,320,0.0161
9,75,1.845,320,0.0161
9,75,1.896,320,0.0161
9,75,1.947,768,0.0387
9,75,1.999,224,0.0113
9,75,2.050,560,0.0282
9,75,2.101,304,0.0153
9,75,2.152,384,0.0193
9,75,2.204,336,0.0169
9,75,2.255,320,0.0161
9,75,2.306,848,0.0427
9,75,2.357,320,0.0161
9,75,2.408,672,0.0338
9,75,2.459,320,0.0161
9,75,2.510,320,0.0161
9,75,2.562,320,0.0161
9,75,2.613,256,0.0129
9,75,2.664,816,0.0411
9,75,2.715,320,0.0161
9,75,2.767,736,0.0371
9,75,2.818,320,0.0161
9,75,2.869,320,0.0161
9,75,2.920,320,0.0161
9,75,2.971,432,0.0218
10,100,0.000,320,0.0161
10,100,0.051,320,0.0161
10,100,0.103,800,0.0403
10,100,0.154,464,0.0234
10,100,0.205,560,0.0282
10,100,0.256,336,0.0169
10,100,0.308,320,0.0161
10,100,0.359,320,0.0161
10,100,0.410,320,0.0161
10,100,0.461,864,0.0435
10,100,0.513,336,0.0169
10,100,0.564,752,0.0379
10,100,0.615,336,0.0169
10,100,0.666,304,0.0153
10,100,0.718,208,0.0105
10,100,0.769,320,0.0161
10,100,0.820,912,0.0459
10,100,0.872,320,0.0161
10,100,0.923,720,0.0363
10,100,0.974,512,0.0258
10,100,1.025,288,0.0145
10,100,1.076,544,0.0274
10,100,1.127,304,0.0153
10,100,1.178,928,0.0467
10,100,1.229,320,0.0161
10,100,1.281,544,0.0274
10,100,1.332,336,0.0169
10,100,1.383,320,0.0161
10,100,1.435,224,0.0113
10,100,1.486,304,0.0153
10,100,1.537,864,0.0435
10,100,1.588,336,0.0169
10,100,1.639,832,0.0419
10,100,1.690,320,0.0161
10,100,1.741,320,0.0161
10,100,1.792,336,0.0169
10,100,1.844,320,0.0161
10,100,1.895,336,0.0169
10,100,1.946,336,0.0169
10,100,1.997,912,0.0459
10,100,2.049,304,0.0153
10,100,2.100,480,0.0242
10,100,2.151,176,0.0089
10,100,2.202,320,0.0161
10,100,2.253,288,0.0145
10,100,2.304,400,0.0201
10,100,2.355,896,0.0451
10,100,2.407,336,0.0169
10,100,2.458,688,0.0346
10,100,2.509,320,0.0161
10,100,2.560,320,0.0161
10,100,2.612,336,0.0169
10,100,2.663,480,0.0242
10,100,2.714,896,0.0451
10,100,2.765,336,0.0169
10,100,2.817,752,0.0379
10,100,2.868,480,0.0242
10,100,2.919,320,0.0161
10,100,2.970,336,0.0169
11,100,0.000,368,0.0185
11,100,0.052,592,0.0298
11,100,0.103,368,0.0185
11,100,0.154,256,0.0129
11,100,0.206,1024,0.0516
11,100,0.257,160,0.0081
11,100,0.308,816,0.0411
11,100,0.360,320,0.0161
11,100,0.411,272,0.0137
11,100,0.462,352,0.0177
11,100,0.513,400,0.0201
11,100,0.565,336,0.0169
11,100,0.616,192,0.0097
11,100,0.667,976,0.0491
11,100,0.718,320,0.0161
11,100,0.769,656,0.0330
11,100,0.820,304,0.0153
11,100,0.871,336,0.0169
11,100,0.923,256,0.0129
11,100,0.974,320,0.0161
11,100,1.025,928,0.0467
11,100,1.076,304,0.0153
11,100,1.128,640,0.0322
11,100,1.179,320,0.0161
11,100,1.230,336,0.0169
11,100,1.281,320,0.0161
11,100,1.333,496,0.0250
11,100,1.384,912,0.0459
11,100,1.435,272,0.0137
11,100,1.486,688,0.0346
11,100,1.538,320,0.0161
11,100,1.589,320,0.0161
11,100,1.640,320,0.0161
11,100,1.691,320,0.0161
11,100,1.743,848,0.0427
11,100,1.794,608,0.0306
11,100,1.845,704,0.0354
11,100,1.896,320,0.0161
11,100,1.947,336,0.0169
11,100,1.998,320,0.0161
11,100,2.049,400,0.0201
11,100,2.101,1040,0.0524
11,100,2.152,208,0.0105
11,100,2.203,768,0.0387
11,100,2.255,320,0.0161
11,100,2.306,320,0.0161
11,100,2.357,336,0.0169
11,100,2.408,320,0.0161
11,100,2.460,336,0.0169
11,100,2.511,320,0.0161
11,100,2.562,832,0.0419
11,100,2.613,336,0.0169
11,100,2.665,320,0.0161
11,100,2.716,480,0.0242
11,100,2.767,416,0.0209
11,100,2.818,320,0.0161
11,100,2.870,336,0.0169
11,100,2.921,944,0.0475
11,100,2.972,336,0.0169
12,100,0.000,832,0.0419
12,100,0.052,320,0.0161
12,100,0.103,160,0.0081
12,100,0.155,320,0.0161
12,100,0.206,320,0.0161
12,100,0.257,816,0.0411
12,100,0.308,336,0.0169
12,100,0.360,848,0.0427
12,100,0.411,320,0.0161
12,100,0.462,576,0.0290
12,100,0.513,448,0.0226
12,100,0.565,400,0.0201
12,100,0.616,304,0.0153
12,100,0.667,336,0.0169
12,100,0.718,800,0.0403
12,100,0.770,320,0.0161
12,100,0.821,432,0.0218
12,100,0.872,336,0.0169
12,100,0.923,304,0.0153
12,100,0.975,320,0.0161
12,100,1.026,336,0.0169
12,100,1.077,816,0.0411
12,100,1.128,320,0.0161
12,100,1.179,800,0.0403
12,100,1.230,352,0.0177
12,100,1.281,336,0.0169
12,100,1.333,368,0.0185
12,100,1.384,384,0.0193
12,100,1.435,800,0.0403
12,100,1.486,336,0.0169
12,100,1.538,736,0.0371
12,100,1.589,336,0.0169
12,100,1.640,384,0.0193
12,100,1.691,336,0.0169
12,100,1.743,320,0.0161
12,100,1.794,912,0.0459
12,100,1.845,320,0.0161
12,100,1.896,864,0.0435
12,100,1.947,336,0.0169
12,100,1.998,320,0.0161
12,100,2.049,320,0.0161
12,100,2.101,384,0.0193
12,100,2.152,320,0.0161
12,100,2.203,288,0.0145
12,100,2.255,864,0.0435
12,100,2.306,336,0.0169
12,100,2.357,320,0.0161
12,100,2.408,320,0.0161
12,100,2.460,320,0.0161
12,100,2.511,336,0.0169
12,100,2.562,352,0.0177
12,100,2.613,768,0.0387
12,100,2.664,320,0.0161
12,100,2.715,576,0.0290
12,100,2.766,320,0.0161
12,100,2.817,336,0.0169
12,100,2.869,192,0.0097
12,100,2.920,320,0.0161
12,100,2.971,896,0.0451
13,150,0.000,512,0.0258
13,150,0.051,336,0.0169
13,150,0.103,352,0.0177
13,150,0.154,304,0.0153
13,150,0.205,896,0.0451
13,150,0.257,304,0.0153
13,150,0.308,704,0.0354
13,150,0.359,320,0.0161
13,150,0.410,320,0.0161
13,150,0.462,336,0.0169
13,150,0.513,256,0.0129
13,150,0.564,960,0.0483
13,150,0.615,480,0.0242
13,150,0.667,800,0.0403
13,150,0.718,320,0.0161
13,150,0.769,304,0.0153
13,150,0.820,208,0.0105
13,150,0.871,320,0.0161
13,150,0.922,352,0.0177
13,150,0.973,304,0.0153
13,150,1.025,896,0.0451
13,150,1.076,192,0.0097
13,150,1.127,544,0.0274
13,150,1.178,208,0.0105
13,150,1.229,320,0.0161
13,150,1.280,320,0.0161
13,150,1.331,336,0.0169
13,150,1.383,720,0.0363
13,150,1.434,320,0.0161
13,150,1.485,816,0.0411
13,150,1.536,320,0.0161
13,150,1.588,464,0.0234
13,150,1.639,336,0.0169
13,150,1.690,320,0.0161
13,150,1.741,352,0.0177
13,150,1.793,320,0.0161
13,150,1.844,736,0.0371
13,150,1.895,224,0.0113
13,150,1.946,416,0.0209
13,150,1.997,512,0.0258
13,150,2.048,320,0.0161
13,150,2.099,304,0.0153
13,150,2.151,272,0.0137
13,150,2.202,832,0.0419
13,150,2.253,304,0.0153
13,150,2.305,864,0.0435
13,150,2.356,320,0.0161
13,150,2.407,272,0.0137
13,150,2.458,320,0.0161
13,150,2.509,432,0.0218
13,150,2.560,976,0.0491
13,150,2.611,512,0.0258
13,150,2.662,704,0.0354
13,150,2.714,320,0.0161
13,150,2.765,320,0.0161
13,150,2.816,336,0.0169
13,150,2.867,304,0.0153
13,150,2.918,384,0.0193
13,150,2.969,432,0.0218
14,150,0.001,416,0.0209
14,150,0.052,688,0.0346
14,150,0.104,320,0.0161
14,150,0.155,240,0.0121
14,150,0.206,336,0.0169
14,150,0.257,336,0.0169
14,150,0.308,608,0.0306
14,150,0.359,256,0.0129
14,150,0.410,688,0.0346
14,150,0.462,336,0.0169
14,150,0.513,352,0.0177
14,150,0.564,272,0.0137
14,150,0.615,336,0.0169
14,150,0.667,320,0.0161
14,150,0.718,320,0.0161
14,150,0.769,848,0.0427
14,150,0.820,320,0.0161
14,150,0.871,736,0.0371
14,150,0.922,320,0.0161
14,150,0.973,416,0.0209
14,150,1.025,192,0.0097
14,150,1.076,272,0.0137
14,150,1.127,1312,0.0661
14,150,1.178,2624,0.1321
14,150,1.229,800,0.0403
14,150,1.280,272,0.0137
14,150,1.331,384,0.0193
14,150,1.383,1152,0.0580
14,150,1.434,5537,0.2788
14,150,1.485,5761,0.2901
14,150,1.536,10850,0.5463
14,150,1.588,10882,0.5480
14,150,1.639,10658,0.5367
14,150,1.690,10498,0.5286
14,150,1.741,8210,0.4134
14,150,1.793,9522,0.4795
14,150,1.844,8802,0.4432
14,150,1.895,8129,0.4093
14,150,1.946,6929,0.3489
14,150,1.998,6705,0.3376
14,150,2.049,6913,0.3481
14,150,2.100,9474,0.4771
14,150,2.151,10706,0.5391
14,150,2.203,9938,0.5004
14,150,2.254,8498,0.4279
14,150,2.305,7393,0.3723
14,150,2.356,6033,0.3038
14,150,2.408,800,0.0403
14,150,2.459,272,0.0137
14,150,2.510,176,0.0089
14,150,2.562,352,0.0177
14,150,2.613,272,0.0137
14,150,2.664,896,0.0451
14,150,2.715,304,0.0153
14,150,2.766,720,0.0363
14,150,2.817,320,0.0161
14,150,2.868,352,0.0177
14,150,2.919,320,0.0161
14,150,2.971,192,0.0097
15,150,0.000,23461,1.1814
15,150,0.051,23989,1.2080
15,150,0.102,24662,1.2418
15,150,0.153,22821,1.1491
15,150,0.204,23125,1.1645
15,150,0.256,23349,1.1757
15,150,0.307,23941,1.2055
15,150,0.358,23205,1.1685
15,150,0.409,23253,1.1709
15,150,0.460,21733,1.0944
15,150,0.511,21781,1.0968
15,150,0.562,24037,1.2104
15,150,0.614,22949,1.1556
15,150,0.665,21925,1.1040
15,150,0.716,23061,1.1612
15,150,0.767,18564,0.9348
15,150,0.819,22245,1.1201
15,150,0.870,21205,1.0678
15,150,0.921,22325,1.1242
15,150,0.972,23093,1.1628
15,150,1.024,21013,1.0581
15,150,1.075,20020,1.0081
15,150,1.126,18980,0.9557
15,150,1.177,21461,1.0807
15,150,1.229,22421,1.1290
15,150,1.280,21765,1.0960
15,150,1.331,22933,1.1548
15,150,1.382,18580,0.9356
15,150,1.434,18516,0.9324
15,150,1.485,21573,1.0863
15,150,1.536,21781,1.0968
15,150,1.587,22277,1.1218
15,150,1.639,22549,1.1354
15,150,1.690,23717,1.1943
15,150,1.741,23909,1.2039
15,150,1.792,21733,1.0944
15,150,1.844,24357,1.2265
15,150,1.895,24549,1.2362
15,150,1.946,23717,1.1943
15,150,1.997,22437,1.1298
15,150,2.049,22405,1.1282
15,150,2.100,22421,1.1290
15,150,2.151,20068,1.0105
15,150,2.202,23269,1.1717
15,150,2.254,22661,1.1411
15,150,2.305,23605,1.1886
15,150,2.356,21669,1.0911
15,150,2.407,22629,1.1395
15,150,2.459,23109,1.1636
15,150,2.510,23653,1.1910
15,150,2.561,15587,0.7849
15,150,2.612,19636,0.9888
15,150,2.664,16580,0.8349
15,150,2.715,19652,0.9896
15,150,2.766,19652,0.9896
15,150,2.817,21829,1.0992
15,150,2.869,23621,1.1894
15,150,2.920,21973,1.1064
15,150,2.971,23381,1.1773
16,200,0.000,39353,1.9816
16,200,0.051,40457,2.0372
16,200,0.103,39993,2.0138
16,200,0.154,39481,1.9881
16,200,0.205,40505,2.0396
16,200,0.256,40265,2.0275
16,200,0.308,39001,1.9639
16,200,0.359,39465,1.9873
16,200,0.410,40953,2.0622
16,200,0.461,39353,1.9816
16,200,0.512,40921,2.0606
16,200,0.563,39865,2.0074
16,200,0.614,40457,2.0372
16,200,0.665,39497,1.9889
16,200,0.717,39961,2.0122
16,200,0.768,41178,2.0735
16,200,0.819,40233,2.0259
16,200,0.870,41322,2.0808
16,200,0.921,40537,2.0412
16,200,0.972,41146,2.0719
16,200,1.023,41242,2.0767
16,200,1.074,38233,1.9252
16,200,1.125,41546,2.0920
16,200,1.176,41242,2.0767
16,200,1.227,40105,2.0195
16,200,1.279,40905,2.0598
16,200,1.330,38569,1.9421
16,200,1.381,39913,2.0098
16,200,1.432,38985,1.9631
16,200,1.484,39065,1.9671
16,200,1.535,39465,1.9873
16,200,1.586,39961,2.0122
16,200,1.637,40377,2.0332
16,200,1.689,38425,1.9349
16,200,1.740,40121,2.0203
16,200,1.791,39177,1.9727
16,200,1.842,40457,2.0372
16,200,1.894,38425,1.9349
16,200,1.945,38793,1.9534
16,200,1.996,38921,1.9599
16,200,2.047,37945,1.9107
16,200,2.099,39577,1.9929
16,200,2.150,37465,1.8865
16,200,2.201,39609,1.9945
16,200,2.252,39145,1.9711
16,200,2.303,40921,2.0606
16,200,2.354,40377,2.0332
16,200,2.405,39305,1.9792
16,200,2.456,40137,2.0211
16,200,2.508,41130,2.0711
16,200,2.559,39225,1.9752
16,200,2.610,41258,2.0775
16,200,2.661,41194,2.0743
16,200,2.712,42138,2.1218
16,200,2.763,41658,2.0977
16,200,2.814,43738,2.2024
16,200,2.865,44154,2.2234
16,200,2.917,42250,2.1275
16,200,2.968,42106,2.1202
17,200,0.000,42090,2.1194
17,200,0.051,41930,2.1114
17,200,0.102,41210,2.0751
17,200,0.153,41402,2.0848
17,200,0.204,41610,2.0953
17,200,0.255,40841,2.0565
17,200,0.307,40793,2.0541
17,200,0.358,41658,2.0977
17,200,0.409,40777,2.0533
17,200,0.461,42010,2.1154
17,200,0.512,40873,2.0582
17,200,0.563,42714,2.1509
17,200,0.614,40649,2.0469
17,200,0.666,39225,1.9752
17,200,0.722,40761,2.0525
17,200,0.774,40745,2.0517
17,200,0.825,41578,2.0937
17,200,0.876,42186,2.1243
17,200,0.928,44170,2.2242
17,200,0.979,44618,2.2467
17,200,1.030,44298,2.2306
17,200,1.081,43994,2.2153
17,200,1.133,44202,2.2258
17,200,1.184,44458,2.2387
17,200,1.235,45515,2.2919
17,200,1.286,44394,2.2354
17,200,1.338,44378,2.2346
17,200,1.389,45067,2.2693
17,200,1.440,44842,2.2580
17,200,1.491,43546,2.1927
17,200,1.543,43786,2.2048
17,200,1.594,44138,2.2226
17,200,1.645,43098,2.1702
17,200,1.696,44138,2.2226
17,200,1.748,42826,2.1565
17,200,1.799,44266,2.2290
17,200,1.850,42954,2.1629
17,200,1.901,41562,2.0928
17,200,1.953,42938,2.1621
17,200,2.004,41082,2.0687
17,200,2.055,42778,2.1541
17,200,2.106,41946,2.1122
17,200,2.158,43450,2.1879
17,200,2.209,43466,2.1887
17,200,2.260,44058,2.2185
17,200,2.311,42762,2.1533
17,200,2.363,42634,2.1468
17,200,2.414,43962,2.2137
17,200,2.465,44058,2.2185
17,200,2.516,42986,2.1646
17,200,2.568,44474,2.2395
17,200,2.619,44314,2.2314
17,200,2.670,45115,2.2718
17,200,2.721,44298,2.2306
17,200,2.772,44074,2.2193
17,200,2.823,45147,2.2734
17,200,2.874,43610,2.1960
17,200,2.925,43402,2.1855
17,200,2.977,43210,2.1758
18,200,0.000,47195,2.3765
18,200,0.052,47051,2.3692
18,200,0.103,46091,2.3209
18,200,0.154,45659,2.2991
18,200,0.205,46987,2.3660
18,200,0.256,46523,2.3427
18,200,0.307,46683,2.3507
18,200,0.358,46987,2.3660
18,200,0.410,46667,2.3499
18,200,0.461,46539,2.3435
18,200,0.512,46043,2.3185
18,200,0.563,46491,2.3410
18,200,0.614,46507,2.3418
18,200,0.665,46299,2.3314
18,200,0.716,45339,2.2830
18,200,0.767,46411,2.3370
18,200,0.819,46747,2.3539
18,200,0.870,46331,2.3330
18,200,0.921,47115,2.3725
18,200,0.972,47035,2.3684
18,200,1.024,47819,2.4079
18,200,1.075,46011,2.3169
18,200,1.126,47787,2.4063
18,200,1.177,46859,2.3596
18,200,1.229,46827,2.3580
18,200,1.280,46523,2.3427
18,200,1.331,45627,2.2975
18,200,1.382,46267,2.3298
18,200,1.434,47243,2.3789
18,200,1.485,45915,2.3120
18,200,1.536,46747,2.3539
18,200,1.587,46795,2.3564
18,200,1.639,46555,2.3443
18,200,1.690,47323,2.3829
18,200,1.741,46283,2.3306
18,200,1.792,46379,2.3354
18,200,1.844,48011,2.4176
18,200,1.895,47835,2.4087
18,200,1.946,46283,2.3306
18,200,1.997,47979,2.4160
18,200,2.048,46859,2.3596
18,200,2.099,47771,2.4055
18,200,2.150,47291,2.3813
18,200,2.201,46651,2.3491
18,200,2.252,47803,2.4071
18,200,2.303,47211,2.3773
18,200,2.354,48219,2.4281
18,200,2.406,46699,2.3515
18,200,2.457,46923,2.3628
18,200,2.508,47355,2.3846
18,200,2.559,46091,2.3209
18,200,2.611,47307,2.3821
18,200,2.662,47179,2.3757
18,200,2.713,47243,2.3789
18,200,2.764,45723,2.3024
18,200,2.816,46651,2.3491
18,200,2.867,45835,2.3080
18,200,2.918,46187,2.3257
18,200,2.969,46427,2.3378
19,250,0.001,55229,2.7810
19,250,0.052,56509,2.8455
19,250,0.103,55485,2.7939
19,250,0.154,55821,2.8109
19,250,0.205,56477,2.8439
19,250,0.256,56365,2.8382
19,250,0.308,55901,2.8149
19,250,0.359,55629,2.8012
19,250,0.410,56365,2.8382
19,250,0.461,56413,2.8407
19,250,0.513,56077,2.8237
19,250,0.564,55597,2.7996
19,250,0.615,55325,2.7859
19,250,0.666,55101,2.7746
19,250,0.718,56333,2.8366
19,250,0.769,56749,2.8576
19,250,0.820,55613,2.8004
19,250,0.871,55469,2.7931
19,250,0.923,56797,2.8600
19,250,0.974,55245,2.7818
19,250,1.025,55789,2.8092
19,250,1.076,55501,2.7947
19,250,1.127,55581,2.7988
19,250,1.178,55869,2.8133
19,250,1.229,55709,2.8052
19,250,1.280,56573,2.8487
19,250,1.331,56589,2.8495
19,250,1.382,56749,2.8576
19,250,1.433,55133,2.7762
19,250,1.484,56733,2.8568
19,250,1.536,56541,2.8471
19,250,1.587,56733,2.8568
19,250,1.638,55453,2.7923
19,250,1.689,56045,2.8221
19,250,1.741,56061,2.8229
19,250,1.792,55373,2.7883
19,250,1.843,55197,2.7794
19,250,1.895,56813,2.8608
19,250,1.946,56861,2.8632
19,250,1.997,56781,2.8592
19,250,2.048,55885,2.8141
19,250,2.099,56637,2.8519
19,250,2.151,56125,2.8262
19,250,2.202,55789,2.8092
19,250,2.253,56093,2.8246
19,250,2.304,56541,2.8471
19,250,2.355,55373,2.7883
19,250,2.406,55949,2.8173
19,250,2.457,55517,2.7955
19,250,2.509,56333,2.8366
19,250,2.560,55661,2.8028
19,250,2.611,56733,2.8568
19,250,2.662,55789,2.8092
19,250,2.713,56237,2.8318
19,250,2.764,56637,2.8519
19,250,2.815,55709,2.8052
19,250,2.866,55133,2.7762
19,250,2.918,56301,2.8350
19,250,2.969,55517,2.7955
20,250,0.001,54925,2.7657
20,250,0.052,54525,2.7456
20,250,0.104,54845,2.7617
20,250,0.155,54733,2.7561
20,250,0.206,54973,2.7682
20,250,0.257,54957,2.7673
20,250,0.309,54077,2.7230
20,250,0.360,54189,2.7287
20,250,0.411,53261,2.6819
20,250,0.462,54717,2.7553
20,250,0.514,54989,2.7690
20,250,0.565,53597,2.6989
20,250,0.616,54461,2.7424
20,250,0.667,54637,2.7512
20,250,0.719,54797,2.7593
20,250,0.770,53901,2.7142
20,250,0.821,53469,2.6924
20,250,0.872,53709,2.7045
20,250,0.924,53389,2.6884
20,250,0.975,53469,2.6924
20,250,1.026,54541,2.7464
20,250,1.078,54173,2.7279
20,250,1.129,54349,2.7367
20,250,1.180,54109,2.7246
20,250,1.231,55069,2.7730
20,250,1.282,54285,2.7335
20,250,1.334,55069,2.7730
20,250,1.385,53261,2.6819
20,250,1.436,55533,2.7964
20,250,1.487,53581,2.6981
20,250,1.539,55197,2.7794
20,250,1.590,54589,2.7488
20,250,1.641,53981,2.7182
20,250,1.692,53693,2.7037
20,250,1.744,55165,2.7778
20,250,1.795,53709,2.7045
20,250,1.846,55069,2.7730
20,250,1.897,55389,2.7891
20,250,1.949,53901,2.7142
20,250,2.000,55405,2.7899
20,250,2.051,53965,2.7174
20,250,2.102,55757,2.8076
20,250,2.153,54189,2.7287
20,250,2.205,55085,2.7738
20,250,2.256,55501,2.7947
20,250,2.307,54973,2.7682
20,250,2.358,55613,2.8004
20,250,2.410,55085,2.7738
20,250,2.461,55645,2.8020
20,250,2.512,55677,2.8036
20,250,2.563,54829,2.7609
20,250,2.614,55149,2.7770
20,250,2.665,55053,2.7722
20,250,2.716,55325,2.7859
20,250,2.767,54317,2.7351
20,250,2.819,54717,2.7553
20,250,2.870,54765,2.7577
20,250,2.921,53613,2.6997
20,250,2.972,53917,2.7150
21,250,0.000,53533,2.6956
21,250,0.051,53485,2.6932
21,250,0.102,54861,2.7625
21,250,0.154,53901,2.7142
21,250,0.205,53789,2.7085
21,250,0.256,53597,2.6989
21,250,0.307,54285,2.7335
21,250,0.359,53869,2.7126
21,250,0.410,54717,2.7553
21,250,0.461,54125,2.7255
21,250,0.512,53485,2.6932
21,250,0.564,53997,2.7190
21,250,0.615,53533,2.6956
21,250,0.666,53869,2.7126
21,250,0.717,53773,2.7077
21,250,0.768,54525,2.7456
21,250,0.819,54477,2.7432
21,250,0.870,54541,2.7464
21,250,0.922,53581,2.6981
21,250,0.973,53100,2.6738
21,250,1.024,54221,2.7303
21,250,1.075,54173,2.7279
21,250,1.127,53485,2.6932
21,250,1.178,54461,2.7424
21,250,1.229,54669,2.7528
21,250,1.280,53821,2.7101
21,250,1.331,54205,2.7295
21,250,1.382,54205,2.7295
21,250,1.433,53725,2.7053
21,250,1.484,53821,2.7101
21,250,1.536,55069,2.7730
21,250,1.587,54253,2.7319
21,250,1.638,54477,2.7432
21,250,1.689,53453,2.6916
21,250,1.741,55101,2.7746
21,250,1.792,54973,2.7682
21,250,1.843,54557,2.7472
21,250,1.894,53421,2.6900
21,250,1.946,54125,2.7255
21,250,1.997,54077,2.7230
21,250,2.048,53837,2.7109
21,250,2.099,54621,2.7504
21,250,2.151,54221,2.7303
21,250,2.202,53453,2.6916
21,250,2.253,54541,2.7464
21,250,2.304,53645,2.7013
21,250,2.356,54877,2.7633
21,250,2.407,54429,2.7408
21,250,2.458,55149,2.7770
21,250,2.509,54477,2.7432
21,250,2.561,53469,2.6924
21,250,2.612,53581,2.6981
21,250,2.663,54301,2.7343
21,250,2.714,54637,2.7512
21,250,2.766,54589,2.7488
21,250,2.817,53581,2.6981
21,250,2.868,54205,2.7295
21,250,2.919,55165,2.7778
21,250,2.971,54589,2.7488
22,300,0.000,57309,2.8858
22,300,0.051,58126,2.9269
22,300,0.103,57998,2.9205
22,300,0.154,56893,2.8648
22,300,0.205,57918,2.9164
22,300,0.256,56733,2.8568
22,300,0.307,57374,2.8891
22,300,0.358,57918,2.9164
22,300,0.409,57181,2.8793
22,300,0.461,57422,2.8915
22,300,0.512,57886,2.9148
22,300,0.563,58142,2.9277
22,300,0.615,56861,2.8632
22,300,0.666,57069,2.8737
22,300,0.717,57341,2.8874
22,300,0.768,57053,2.8729
22,300,0.820,57598,2.9003
22,300,0.871,56477,2.8439
22,300,0.922,56637,2.8519
22,300,0.973,56669,2.8536
22,300,1.025,57838,2.9124
22,300,1.076,56637,2.8519
22,300,1.127,58062,2.9237
22,300,1.178,56445,2.8423
22,300,1.230,57902,2.9156
22,300,1.281,56701,2.8552
22,300,1.332,56493,2.8447
22,300,1.383,57710,2.9060
22,300,1.435,57037,2.8721
22,300,1.486,56941,2.8673
22,300,1.537,56589,2.8495
22,300,1.588,56381,2.8391
22,300,1.640,57406,2.8907
22,300,1.691,56493,2.8447
22,300,1.742,57742,2.9076
22,300,1.793,57341,2.8874
22,300,1.845,56941,2.8673
22,300,1.896,57277,2.8842
22,300,1.947,56605,2.8503
22,300,1.998,58142,2.9277
22,300,2.050,58014,2.9213
22,300,2.101,57822,2.9116
22,300,2.152,58062,2.9237
22,300,2.203,58206,2.9309
22,300,2.255,56717,2.8560
22,300,2.306,58046,2.9229
22,300,2.357,57694,2.9052
22,300,2.408,56909,2.8656
22,300,2.460,58142,2.9277
22,300,2.511,57886,2.9148
22,300,2.562,58110,2.9261
22,300,2.613,57630,2.9019
22,300,2.664,57518,2.8963
22,300,2.715,57822,2.9116
22,300,2.766,57710,2.9060
22,300,2.817,56637,2.8519
22,300,2.869,57341,2.8874
22,300,2.920,57341,2.8874
22,300,2.971,57149,2.8777
23,300,0.000,56813,2.8608
23,300,0.051,57325,2.8866
23,300,0.102,55533,2.7964
23,300,0.154,55709,2.8052
23,300,0.205,56253,2.8326
23,300,0.256,56221,2.8310
23,300,0.307,56429,2.8415
23,300,0.359,57181,2.8793
23,300,0.410,57325,2.8866
23,300,0.461,56509,2.8455
23,300,0.512,56349,2.8374
23,300,0.564,55613,2.8004
23,300,0.615,56909,2.8656
23,300,0.666,56605,2.8503
23,300,0.717,57341,2.8874
23,300,0.769,56493,2.8447
23,300,0.820,57133,2.8769
23,300,0.871,57181,2.8793
23,300,0.922,57085,2.8745
23,300,0.974,57341,2.8874
23,300,1.025,57133,2.8769
23,300,1.076,56605,2.8503
23,300,1.128,57774,2.9092
23,300,1.179,57774,2.9092
23,300,1.230,57374,2.8891
23,300,1.281,57630,2.9019
23,300,1.332,57710,2.9060
23,300,1.384,57325,2.8866
23,300,1.435,56797,2.8600
23,300,1.486,57742,2.9076
23,300,1.537,57341,2.8874
23,300,1.588,57341,2.8874
23,300,1.639,57806,2.9108
23,300,1.690,57518,2.8963
23,300,1.741,57374,2.8891
23,300,1.793,56733,2.8568
23,300,1.844,57630,2.9019
23,300,1.895,56493,2.8447
23,300,1.946,57037,2.8721
23,300,1.998,56973,2.8689
23,300,2.049,57502,2.8955
23,300,2.100,56333,2.8366
23,300,2.151,57534,2.8971
23,300,2.202,56221,2.8310
23,300,2.253,56637,2.8519
23,300,2.304,56733,2.8568
23,300,2.355,57646,2.9028
23,300,2.407,57630,2.9019
23,300,2.458,57341,2.8874
23,300,2.509,56781,2.8592
23,300,2.560,56397,2.8399
23,300,2.612,57325,2.8866
23,300,2.663,57614,2.9011
23,300,2.714,57149,2.8777
23,300,2.765,57598,2.9003
23,300,2.817,56221,2.8310
23,300,2.868,57790,2.9100
23,300,2.919,56797,2.8600
23,300,2.970,57886,2.9148
24,300,0.000,57165,2.8785
24,300,0.051,57133,2.8769
24,300,0.103,56365,2.8382
24,300,0.154,57534,2.8971
24,300,0.205,57870,2.9140
24,300,0.257,56285,2.8342
24,300,0.308,57374,2.8891
24,300,0.359,57341,2.8874
24,300,0.410,56829,2.8616
24,300,0.462,57806,2.9108
24,300,0.513,56237,2.8318
24,300,0.564,57341,2.8874
24,300,0.615,57614,2.9011
24,300,0.667,56557,2.8479
24,300,0.718,56285,2.8342
24,300,0.769,56589,2.8495
24,300,0.820,56333,2.8366
24,300,0.871,57454,2.8931
24,300,0.922,56269,2.8334
24,300,0.973,57614,2.9011
24,300,1.025,57037,2.8721
24,300,1.076,57454,2.8931
24,300,1.127,57069,2.8737
24,300,1.178,57069,2.8737
24,300,1.230,57325,2.8866
24,300,1.281,57582,2.8995
24,300,1.332,58206,2.9309
24,300,1.383,57950,2.9181
24,300,1.434,56685,2.8544
24,300,1.485,57774,2.9092
24,300,1.536,57838,2.9124
24,300,1.587,57133,2.8769
24,300,1.639,56813,2.8608
24,300,1.690,57998,2.9205
24,300,1.741,57341,2.8874
24,300,1.792,57101,2.8753
24,300,1.844,57566,2.8987
24,300,1.895,57998,2.9205
24,300,1.946,58014,2.9213
24,300,1.997,58478,2.9446
24,300,2.049,58014,2.9213
24,300,2.100,56925,2.8664
24,300,2.151,58382,2.9398
24,300,2.202,56941,2.8673
24,300,2.254,57149,2.8777
24,300,2.305,57341,2.8874
24,300,2.356,58062,2.9237
24,300,2.407,57742,2.9076
24,300,2.459,56733,2.8568
24,300,2.510,57902,2.9156
24,300,2.561,57325,2.8866
24,300,2.612,57390,2.8899
24,300,2.664,57406,2.8907
24,300,2.715,56813,2.8608
24,300,2.766,57502,2.8955
24,300,2.817,58414,2.9414
24,300,2.869,58126,2.9269
24,300,2.920,58206,2.9309
24,300,2.971,57998,2.9205
25,350,0.001,57341,2.8874
25,350,0.052,56781,2.8592
25,350,0.103,57165,2.8785
25,350,0.155,56381,2.8391
25,350,0.206,56733,2.8568
25,350,0.257,57341,2.8874
25,350,0.308,56653,2.8527
25,350,0.359,56941,2.8673
25,350,0.410,56061,2.8229
25,350,0.461,56349,2.8374
25,350,0.513,57341,2.8874
25,350,0.564,56541,2.8471
25,350,0.615,57197,2.8801
25,350,0.666,55773,2.8084
25,350,0.718,57341,2.8874
25,350,0.769,56845,2.8624
25,350,0.820,56157,2.8278
25,350,0.871,56653,2.8527
25,350,0.923,56237,2.8318
25,350,0.974,56909,2.8656
25,350,1.025,55645,2.8020
25,350,1.076,57309,2.8858
25,350,1.128,56365,2.8382
25,350,1.179,56237,2.8318
25,350,1.230,57341,2.8874
25,350,1.281,56045,2.8221
25,350,1.333,56429,2.8415
25,350,1.384,57598,2.9003
25,350,1.435,55885,2.8141
25,350,1.486,55901,2.8149
25,350,1.538,56429,2.8415
25,350,1.589,55965,2.8181
25,350,1.640,57341,2.8874
25,350,1.691,57341,2.8874
25,350,1.743,57341,2.8874
25,350,1.794,57309,2.8858
25,350,1.845,56893,2.8648
25,350,1.896,57518,2.8963
25,350,1.948,57341,2.8874
25,350,1.999,56109,2.8254
25,350,2.050,56893,2.8648
25,350,2.101,57534,2.8971
25,350,2.153,57358,2.8882
25,350,2.204,56237,2.8318
25,350,2.255,56077,2.8237
25,350,2.306,57518,2.8963
25,350,2.358,56429,2.8415
25,350,2.409,56973,2.8689
25,350,2.460,57341,2.8874
25,350,2.511,56461,2.8431
25,350,2.563,57678,2.9044
25,350,2.614,57309,2.8858
25,350,2.665,57422,2.8915
25,350,2.716,56797,2.8600
25,350,2.767,56125,2.8262
25,350,2.819,56205,2.8302
25,350,2.870,57630,2.9019
25,350,2.921,57422,2.8915
25,350,2.972,57422,2.8915
26,350,0.001,59470,2.9946
26,350,0.052,59086,2.9753
26,350,0.103,59982,3.0204
26,350,0.154,59550,2.9986
26,350,0.205,58254,2.9334
26,350,0.256,58478,2.9446
26,350,0.308,59806,3.0115
26,350,0.359,59086,2.9753
26,350,0.410,59182,2.9801
26,350,0.461,58382,2.9398
26,350,0.513,59470,2.9946
26,350,0.564,59854,3.0139
26,350,0.615,59278,2.9849
26,350,0.667,59854,3.0139
26,350,0.718,59582,3.0002
26,350,0.769,58590,2.9503
26,350,0.820,58174,2.9293
26,350,0.871,59342,2.9882
26,350,0.923,58462,2.9438
26,350,0.974,59086,2.9753
26,350,1.025,59662,3.0043
26,350,1.077,59310,2.9865
26,350,1.128,60062,3.0244
26,350,1.179,58974,2.9696
26,350,1.230,58926,2.9672
26,350,1.281,58318,2.9366
26,350,1.333,59470,2.9946
26,350,1.384,59822,3.0123
26,350,1.435,60062,3.0244
26,350,1.486,59278,2.9849
26,350,1.538,58638,2.9527
26,350,1.589,59598,3.0010
26,350,1.640,59310,2.9865
26,350,1.691,58414,2.9414
26,350,1.743,58734,2.9575
26,350,1.794,59198,2.9809
26,350,1.845,58334,2.9374
26,350,1.896,59246,2.9833
26,350,1.948,59870,3.0147
26,350,1.999,59934,3.0180
26,350,2.050,59502,2.9962
26,350,2.101,59742,3.0083
26,350,2.153,59838,3.0131
26,350,2.204,58638,2.9527
26,350,2.255,59806,3.0115
26,350,2.306,58702,2.9559
26,350,2.358,59230,2.9825
26,350,2.409,58270,2.9342
26,350,2.460,59182,2.9801
26,350,2.511,58846,2.9632
26,350,2.562,59198,2.9809
26,350,2.614,58238,2.9326
26,350,2.665,59166,2.9793
26,350,2.716,59326,2.9873
26,350,2.767,58558,2.9487
26,350,2.819,58702,2.9559
26,350,2.870,60046,3.0236
26,350,2.921,60062,3.0244
26,350,2.972,59694,3.0059
27,350,0.001,58510,2.9463
27,350,0.052,58830,2.9624
27,350,0.103,60206,3.0317
27,350,0.154,59662,3.0043
27,350,0.205,58782,2.9600
27,350,0.256,58430,2.9422
27,350,0.308,59950,3.0188
27,350,0.359,59246,2.9833
27,350,0.410,60014,3.0220
27,350,0.461,59502,2.9962
27,350,0.513,59486,2.9954
27,350,0.564,59694,3.0059
27,350,0.615,58558,2.9487
27,350,0.667,59902,3.0164
27,350,0.718,59454,2.9938
27,350,0.769,59822,3.0123
27,350,0.820,58478,2.9446
27,350,0.871,59310,2.9865
27,350,0.923,60046,3.0236
27,350,0.974,58462,2.9438
27,350,1.025,60046,3.0236
27,350,1.076,58974,2.9696
27,350,1.127,59502,2.9962
27,350,1.178,60110,3.0268
27,350,1.229,58574,2.9495
27,350,1.281,58814,2.9616
27,350,1.332,60318,3.0373
27,350,1.383,58478,2.9446
27,350,1.434,60190,3.0309
27,350,1.486,60110,3.0268
27,350,1.537,58878,2.9648
27,350,1.588,58606,2.9511
27,350,1.639,60062,3.0244
27,350,1.691,59950,3.0188
27,350,1.742,58814,2.9616
27,350,1.793,59102,2.9761
27,350,1.844,60270,3.0349
27,350,1.896,60238,3.0333
27,350,1.947,59118,2.9769
27,350,1.998,59758,3.0091
27,350,2.050,60158,3.0292
27,350,2.101,59486,2.9954
27,350,2.152,59582,3.0002
27,350,2.203,59470,2.9946
27,350,2.254,59486,2.9954
27,350,2.306,60046,3.0236
27,350,2.357,58526,2.9471
27,350,2.408,59662,3.0043
27,350,2.459,58798,2.9608
27,350,2.511,59422,2.9922
27,350,2.562,59934,3.0180
27,350,2.613,59870,3.0147
27,350,2.664,58718,2.9567
27,350,2.716,60014,3.0220
27,350,2.767,60190,3.0309
27,350,2.818,58814,2.9616
27,350,2.869,59198,2.9809
27,350,2.920,60174,3.0300
27,350,2.971,58942,2.9680
28,400,0.000,60206,3.0317
28,400,0.051,59294,2.9857
28,400,0.103,60190,3.0309
28,400,0.154,58862,2.9640
28,400,0.205,59630,3.0027
28,400,0.256,60094,3.0260
28,400,0.307,60334,3.0381
28,400,0.358,60094,3.0260
28,400,0.409,59502,2.9962
28,400,0.461,58590,2.9503
28,400,0.512,60302,3.0365
28,400,0.563,60254,3.0341
28,400,0.615,60350,3.0389
28,400,0.666,58638,2.9527
28,400,0.717,59326,2.9873
28,400,0.768,58734,2.9575
28,400,0.819,59790,3.0107
28,400,0.870,59518,2.9970
28,400,0.921,60302,3.0365
28,400,0.972,59758,3.0091
28,400,1.024,60270,3.0349
28,400,1.075,60174,3.0300
28,400,1.126,59038,2.9728
28,400,1.177,59678,3.0051
28,400,1.229,58766,2.9591
28,400,1.280,60366,3.0397
28,400,1.331,59870,3.0147
28,400,1.382,59998,3.0212
28,400,1.433,60270,3.0349
28,400,1.484,59550,2.9986
28,400,1.535,59982,3.0204
28,400,1.586,60254,3.0341
28,400,1.638,59710,3.0067
28,400,1.689,58590,2.9503
28,400,1.740,59966,3.0196
28,400,1.791,60174,3.0300
28,400,1.842,59374,2.9898
28,400,1.893,60318,3.0373
28,400,1.944,59614,3.0018
28,400,1.995,59918,3.0172
28,400,2.047,60158,3.0292
28,400,2.098,58542,2.9479
28,400,2.149,59070,2.9745
28,400,2.200,58638,2.9527
28,400,2.251,58702,2.9559
28,400,2.302,59950,3.0188
28,400,2.353,58606,2.9511
28,400,2.404,60302,3.0365
28,400,2.456,59070,2.9745
28,400,2.507,60222,3.0325
28,400,2.558,58958,2.9688
28,400,2.609,58846,2.9632
28,400,2.661,58638,2.9527
28,400,2.712,58638,2.9527
28,400,2.763,59950,3.0188
28,400,2.814,60078,3.0252
28,400,2.866,59966,3.0196
28,400,2.917,59822,3.0123
28,400,2.968,58590,2.9503
29,400,0.001,60206,3.0317
29,400,0.052,60302,3.0365
29,400,0.103,59614,3.0018
29,400,0.155,59278,2.9849
29,400,0.206,60350,3.0389
29,400,0.257,58910,2.9664
29,400,0.308,58990,2.9704
29,400,0.359,60094,3.0260
29,400,0.410,58910,2.9664
29,400,0.461,58638,2.9527
29,400,0.513,58894,2.9656
29,400,0.564,59342,2.9882
29,400,0.615,60254,3.0341
29,400,0.666,59918,3.0172
29,400,0.718,59790,3.0107
29,400,0.769,60318,3.0373
29,400,0.820,60398,3.0413
29,400,0.871,58862,2.9640
29,400,0.923,60094,3.0260
29,400,0.974,58670,2.9543
29,400,1.025,59470,2.9946
29,400,1.076,60014,3.0220
29,400,1.128,58782,2.9600
29,400,1.179,59774,3.0099
29,400,1.230,59422,2.9922
29,400,1.281,59198,2.9809
29,400,1.332,59038,2.9728
29,400,1.384,60014,3.0220
29,400,1.435,59982,3.0204
29,400,1.486,60238,3.0333
29,400,1.537,60382,3.0405
29,400,1.588,60094,3.0260
29,400,1.639,59166,2.9793
29,400,1.690,60398,3.0413
29,400,1.741,59438,2.9930
29,400,1.792,59502,2.9962
29,400,1.843,60014,3.0220
29,400,1.894,59854,3.0139
29,400,1.946,59694,3.0059
29,400,1.997,60334,3.0381
29,400,2.048,60318,3.0373
29,400,2.099,58718,2.9567
29,400,2.151,58638,2.9527
29,400,2.202,58638,2.9527
29,400,2.253,58846,2.9632
29,400,2.304,59758,3.0091
29,400,2.356,60318,3.0373
29,400,2.407,60382,3.0405
29,400,2.458,58638,2.9527
29,400,2.509,58686,2.9551
29,400,2.560,59758,3.0091
29,400,2.611,58654,2.9535
29,400,2.662,59502,2.9962
29,400,2.713,59870,3.0147
29,400,2.764,60254,3.0341
29,400,2.815,60046,3.0236
29,400,2.866,60574,3.0502
29,400,2.918,59326,2.9873
29,400,2.969,58782,2.9600
30,400,0.001,57998,2.9205
30,400,0.052,58686,2.9551
30,400,0.104,58126,2.9269
30,400,0.155,59406,2.9914
30,400,0.206,58030,2.9221
30,400,0.257,58014,2.9213
30,400,0.309,59278,2.9849
30,400,0.360,59726,3.0075
30,400,0.411,58142,2.9277
30,400,0.462,59166,2.9793
30,400,0.514,59742,3.0083
30,400,0.565,59790,3.0107
30,400,0.616,59566,2.9994
30,400,0.667,59278,2.9849
30,400,0.718,59310,2.9865
30,400,0.769,59230,2.9825
30,400,0.820,59294,2.9857
30,400,0.872,58526,2.9471
30,400,0.923,59310,2.9865
30,400,0.974,59262,2.9841
30,400,1.025,59246,2.9833
30,400,1.077,59582,3.0002
30,400,1.128,58894,2.9656
30,400,1.179,58718,2.9567
30,400,1.230,59278,2.9849
30,400,1.282,59310,2.9865
30,400,1.333,59534,2.9978
30,400,1.384,58670,2.9543
30,400,1.435,59166,2.9793
30,400,1.487,59278,2.9849
30,400,1.538,58862,2.9640
30,400,1.589,58334,2.9374
30,400,1.640,59022,2.9720
30,400,1.692,59422,2.9922
30,400,1.743,58126,2.9269
30,400,1.794,58014,2.9213
30,400,1.845,59310,2.9865
30,400,1.897,59486,2.9954
30,400,1.948,59086,2.9753
30,400,1.999,59278,2.9849
30,400,2.050,58126,2.9269
30,400,2.101,59310,2.9865
30,400,2.152,59086,2.9753
30,400,2.203,58958,2.9688
30,400,2.254,58974,2.9696
30,400,2.306,59502,2.9962
30,400,2.357,59358,2.9890
30,400,2.408,58814,2.9616
30,400,2.459,59502,2.9962
30,400,2.511,57934,2.9173
30,400,2.562,58894,2.9656
30,400,2.613,59582,3.0002
30,400,2.664,59534,2.9978
30,400,2.716,58158,2.9285
30,400,2.767,59838,3.0131
30,400,2.818,59422,2.9922
30,400,2.869,57790,2.9100
30,400,2.920,58894,2.9656
30,400,2.971,59278,2.9849
31,450,0.001,57181,2.8793
31,450,0.052,57165,2.8785
31,450,0.103,57486,2.8947
31,450,0.155,57341,2.8874
31,450,0.206,57261,2.8834
31,450,0.257,58462,2.9438
31,450,0.309,58174,2.9293
31,450,0.360,57582,2.8995
31,450,0.411,58446,2.9430
31,450,0.462,58670,2.9543
31,450,0.514,58158,2.9285
31,450,0.565,57998,2.9205
31,450,0.616,58686,2.9551
31,450,0.667,57518,2.8963
31,450,0.719,57534,2.8971
31,450,0.770,57630,2.9019
31,450,0.821,58446,2.9430
31,450,0.872,57341,2.8874
31,450,0.924,58894,2.9656
31,450,0.975,58590,2.9503
31,450,1.026,58478,2.9446
31,450,1.077,57341,2.8874
31,450,1.129,58542,2.9479
31,450,1.180,57630,2.9019
31,450,1.231,57341,2.8874
31,450,1.282,57614,2.9011
31,450,1.334,58318,2.9366
31,450,1.385,57886,2.9148
31,450,1.436,58462,2.9438
31,450,1.487,58654,2.9535
31,450,1.539,57950,2.9181
31,450,1.590,58878,2.9648
31,450,1.641,57438,2.8923
31,450,1.692,58350,2.9382
31,450,1.744,57486,2.8947
31,450,1.795,58958,2.9688
31,450,1.846,58766,2.9591
31,450,1.897,58174,2.9293
31,450,1.949,58254,2.9334
31,450,2.000,58638,2.9527
31,450,2.051,58670,2.9543
31,450,2.102,58990,2.9704
31,450,2.154,58894,2.9656
31,450,2.205,57309,2.8858
31,450,2.256,57486,2.8947
31,450,2.307,57790,2.9100
31,450,2.358,58046,2.9229
31,450,2.409,57966,2.9189
31,450,2.460,57293,2.8850
31,450,2.511,58430,2.9422
31,450,2.562,57742,2.9076
31,450,2.613,58526,2.9471
31,450,2.664,58606,2.9511
31,450,2.715,57774,2.9092
31,450,2.767,57950,2.9181
31,450,2.818,57341,2.8874
31,450,2.869,57934,2.9173
31,450,2.920,58766,2.9591
31,450,2.971,58862,2.9640
32,450,0.001,59102,2.9761
32,450,0.052,59966,3.0196
32,450,0.104,60062,3.0244
32,450,0.155,59182,2.9801
32,450,0.206,58942,2.9680
32,450,0.257,60398,3.0413
32,450,0.309,60110,3.0268
32,450,0.360,58910,2.9664
32,450,0.411,59454,2.9938
32,450,0.462,59726,3.0075
32,450,0.514,59358,2.9890
32,450,0.565,59550,2.9986
32,450,0.616,60270,3.0349
32,450,0.667,59854,3.0139
32,450,0.718,59918,3.0172
32,450,0.769,60254,3.0341
32,450,0.820,59982,3.0204
32,450,0.872,60206,3.0317
32,450,0.923,59294,2.9857
32,450,0.974,58638,2.9527
32,450,1.025,59598,3.0010
32,450,1.077,59150,2.9785
32,450,1.128,58878,2.9648
32,450,1.179,58638,2.9527
32,450,1.230,58574,2.9495
32,450,1.282,58462,2.9438
32,450,1.333,58382,2.9398
32,450,1.384,60174,3.0300
32,450,1.435,59726,3.0075
32,450,1.486,59566,2.9994
32,450,1.537,58654,2.9535
32,450,1.588,59678,3.0051
32,450,1.639,59646,3.0035
32,450,1.691,59486,2.9954
32,450,1.742,60190,3.0309
32,450,1.793,59022,2.9720
32,450,1.844,60238,3.0333
32,450,1.896,59262,2.9841
32,450,1.947,58574,2.9495
32,450,1.998,58606,2.9511
32,450,2.049,59806,3.0115
32,450,2.101,59982,3.0204
32,450,2.152,59566,2.9994
32,450,2.203,59358,2.9890
32,450,2.254,59966,3.0196
32,450,2.306,60350,3.0389
32,450,2.357,58702,2.9559
32,450,2.408,59806,3.0115
32,450,2.459,58686,2.9551
32,450,2.511,59790,3.0107
32,450,2.562,59918,3.0172
32,450,2.613,60174,3.0300
32,450,2.664,60238,3.0333
32,450,2.716,60206,3.0317
32,450,2.767,58846,2.9632
32,450,2.818,58654,2.9535
32,450,2.869,59326,2.9873
32,450,2.921,59838,3.0131
32,450,2.972,59438,2.9930
33,450,0.000,59726,3.0075
33,450,0.052,60302,3.0365
33,450,0.103,60734,3.0582
33,450,0.154,60686,3.0558
33,450,0.205,60110,3.0268
33,450,0.257,61102,3.0768
33,450,0.308,59726,3.0075
33,450,0.359,60958,3.0695
33,450,0.410,59790,3.0107
33,450,0.461,61214,3.0824
33,450,0.512,60302,3.0365
33,450,0.563,60382,3.0405
33,450,0.615,60894,3.0663
33,450,0.666,59662,3.0043
33,450,0.717,60878,3.0655
33,450,0.768,61118,3.0776
33,450,0.820,60814,3.0623
33,450,0.871,61262,3.0848
33,450,0.922,61166,3.0800
33,450,0.973,61198,3.0816
33,450,1.024,60270,3.0349
33,450,1.076,59582,3.0002
33,450,1.127,61150,3.0792
33,450,1.178,60654,3.0542
33,450,1.230,60206,3.0317
33,450,1.281,60238,3.0333
33,450,1.332,61198,3.0816
33,450,1.383,61342,3.0889
33,450,1.434,59550,2.9986
33,450,1.486,61054,3.0744
33,450,1.537,59854,3.0139
33,450,1.588,61150,3.0792
33,450,1.639,59854,3.0139
33,450,1.691,59838,3.0131
33,450,1.742,61022,3.0727
33,450,1.793,60702,3.0566
33,450,1.844,60158,3.0292
33,450,1.895,60462,3.0446
33,450,1.946,61134,3.0784
33,450,1.997,60062,3.0244
33,450,2.049,59838,3.0131
33,450,2.100,59726,3.0075
33,450,2.151,59998,3.0212
33,450,2.202,60254,3.0341
33,450,2.253,59966,3.0196
33,450,2.304,60142,3.0284
33,450,2.355,59678,3.0051
33,450,2.406,59486,2.9954
33,450,2.458,60862,3.0647
33,450,2.509,60270,3.0349
33,450,2.560,61230,3.0832
33,450,2.611,60574,3.0502
33,450,2.663,60398,3.0413
33,450,2.714,59982,3.0204
33,450,2.765,59854,3.0139
33,450,2.816,60494,3.0462
33,450,2.868,61166,3.0800
33,450,2.919,59934,3.0180
33,450,2.970,60222,3.0325
34,500,0.001,59790,3.0107
34,500,0.052,59822,3.0123
34,500,0.103,60366,3.0397
34,500,0.154,61198,3.0816
34,500,0.205,59934,3.0180
34,500,0.256,59710,3.0067
34,500,0.308,61198,3.0816
34,500,0.359,59758,3.0091
34,500,0.410,59630,3.0027
34,500,0.461,60638,3.0534
34,500,0.513,61022,3.0727
34,500,0.564,61182,3.0808
34,500,0.615,59406,2.9914
34,500,0.666,59678,3.0051
34,500,0.717,59998,3.0212
34,500,0.768,60990,3.0711
34,500,0.819,60894,3.0663
34,500,0.871,60574,3.0502
34,500,0.922,59822,3.0123
34,500,0.973,60638,3.0534
34,500,1.024,61086,3.0760
34,500,1.075,60638,3.0534
34,500,1.126,60894,3.0663
34,500,1.177,61086,3.0760
34,500,1.229,60206,3.0317
34,500,1.280,59790,3.0107
34,500,1.331,60350,3.0389
34,500,1.382,60830,3.0631
34,500,1.433,60894,3.0663
34,500,1.484,61022,3.0727
34,500,1.535,59358,2.9890
34,500,1.586,60238,3.0333
34,500,1.638,60878,3.0655
34,500,1.689,59582,3.0002
34,500,1.740,60222,3.0325
34,500,1.791,59918,3.0172
34,500,1.843,60830,3.0631
34,500,1.894,61118,3.0776
34,500,1.945,60734,3.0582
34,500,1.996,59982,3.0204
34,500,2.048,61102,3.0768
34,500,2.099,60462,3.0446
34,500,2.150,61166,3.0800
34,500,2.201,61150,3.0792
34,500,2.252,61198,3.0816
34,500,2.304,60510,3.0470
34,500,2.355,60174,3.0300
34,500,2.406,60494,3.0462
34,500,2.457,61086,3.0760
34,500,2.509,61102,3.0768
34,500,2.560,60446,3.0437
34,500,2.611,60270,3.0349
34,500,2.662,60510,3.0470
34,500,2.713,60350,3.0389
34,500,2.764,60398,3.0413
34,500,2.815,61102,3.0768
34,500,2.866,59614,3.0018
34,500,2.918,60782,3.0607
34,500,2.969,61086,3.0760
35,500,0.001,59566,2.9994
35,500,0.052,60558,3.0494
35,500,0.104,59214,2.9817
35,500,0.155,59230,2.9825
35,500,0.206,59198,2.9809
35,500,0.257,59358,2.9890
35,500,0.309,59870,3.0147
35,500,0.360,60574,3.0502
35,500,0.411,60942,3.0687
35,500,0.462,59230,2.9825
35,500,0.514,59230,2.9825
35,500,0.565,60318,3.0373
35,500,0.616,59934,3.0180
35,500,0.668,59358,2.9890
35,500,0.719,60318,3.0373
35,500,0.770,60430,3.0429
35,500,0.821,60862,3.0647
35,500,0.872,60846,3.0639
35,500,0.923,59374,2.9898
35,500,0.974,59438,2.9930
35,500,1.025,60206,3.0317
35,500,1.077,59422,2.9922
35,500,1.128,60062,3.0244
35,500,1.179,61006,3.0719
35,500,1.230,60686,3.0558
35,500,1.282,61022,3.0727
35,500,1.333,60590,3.0510
35,500,1.384,60766,3.0599
35,500,1.435,60046,3.0236
35,500,1.487,60878,3.0655
35,500,1.538,60942,3.0687
35,500,1.589,59406,2.9914
35,500,1.640,60814,3.0623
35,500,1.692,60846,3.0639
35,500,1.743,61006,3.0719
35,500,1.794,61006,3.0719
35,500,1.845,60766,3.0599
35,500,1.897,60814,3.0623
35,500,1.948,60302,3.0365
35,500,1.999,60302,3.0365
35,500,2.050,60190,3.0309
35,500,2.102,60238,3.0333
35,500,2.153,59358,2.9890
35,500,2.204,60878,3.0655
35,500,2.255,59278,2.9849
35,500,2.307,60878,3.0655
35,500,2.358,60958,3.0695
35,500,2.409,60222,3.0325
35,500,2.460,59566,2.9994
35,500,2.512,60830,3.0631
35,500,2.563,60814,3.0623
35,500,2.614,60910,3.0671
35,500,2.665,60830,3.0631
35,500,2.717,59422,2.9922
35,500,2.768,60862,3.0647
35,500,2.819,60558,3.0494
35,500,2.870,60702,3.0566
35,500,2.921,60974,3.0703
35,500,2.972,60398,3.0413
36,500,0.000,59822,3.0123
36,500,0.052,59662,3.0043
36,500,0.103,60894,3.0663
36,500,0.154,59518,2.9970
36,500,0.206,60398,3.0413
36,500,0.257,60702,3.0566
36,500,0.308,60382,3.0405
36,500,0.359,60318,3.0373
36,500,0.411,60590,3.0510
36,500,0.462,59278,2.9849
36,500,0.513,60958,3.0695
36,500,0.564,60942,3.0687
36,500,0.616,59454,2.9938
36,500,0.667,60702,3.0566
36,500,0.718,60766,3.0599
36,500,0.769,60222,3.0325
36,500,0.821,59054,2.9737
36,500,0.872,60510,3.0470
36,500,0.923,59406,2.9914
36,500,0.974,60190,3.0309
36,500,1.025,60606,3.0518
36,500,1.076,59102,2.9761
36,500,1.127,60734,3.0582
36,500,1.179,60590,3.0510
36,500,1.230,59918,3.0172
36,500,1.281,60462,3.0446
36,500,1.332,59358,2.9890
36,500,1.384,59278,2.9849
36,500,1.435,59710,3.0067
36,500,1.486,60318,3.0373
36,500,1.537,59838,3.0131
36,500,1.589,60350,3.0389
36,500,1.640,60494,3.0462
36,500,1.691,60846,3.0639
36,500,1.742,60190,3.0309
36,500,1.794,59806,3.0115
36,500,1.845,60590,3.0510
36,500,1.896,59934,3.0180
36,500,1.947,59966,3.0196
36,500,1.999,60350,3.0389
36,500,2.050,61102,3.0768
36,500,2.101,59678,3.0051
36,500,2.152,60302,3.0365
36,500,2.204,59678,3.0051
36,500,2.255,60766,3.0599
36,500,2.306,60270,3.0349
36,500,2.357,60062,3.0244
36,500,2.409,60558,3.0494
36,500,2.460,59310,2.9865
36,500,2.511,60110,3.0268
36,500,2.562,60974,3.0703
36,500,2.614,59918,3.0172
36,500,2.665,60318,3.0373
36,500,2.716,59166,2.9793
36,500,2.767,59486,2.9954
36,500,2.819,60110,3.0268
36,500,2.870,59966,3.0196
36,500,2.921,60142,3.0284
36,500,2.972,60350,3.0389
37,600,0.000,61535,3.0986
37,600,0.051,60382,3.0405
37,600,0.103,60014,3.0220
37,600,0.154,61647,3.1042
37,600,0.205,59870,3.0147
37,600,0.257,60062,3.0244
37,600,0.308,59998,3.0212
37,600,0.359,60174,3.0300
37,600,0.410,60046,3.0236
37,600,0.462,60126,3.0276
37,600,0.513,60094,3.0260
37,600,0.564,59790,3.0107
37,600,0.615,61583,3.1010
37,600,0.667,61535,3.0986
37,600,0.718,60718,3.0574
37,600,0.769,61519,3.0978
37,600,0.820,61583,3.1010
37,600,0.872,60894,3.0663
37,600,0.923,60494,3.0462
37,600,0.974,60478,3.0454
37,600,1.025,61471,3.0954
37,600,1.077,61310,3.0873
37,600,1.128,61294,3.0864
37,600,1.179,60030,3.0228
37,600,1.231,60734,3.0582
37,600,1.282,60174,3.0300
37,600,1.333,61599,3.1018
37,600,1.384,59966,3.0196
37,600,1.436,61438,3.0937
37,600,1.487,59966,3.0196
37,600,1.538,60606,3.0518
37,600,1.589,60958,3.0695
37,600,1.640,60878,3.0655
37,600,1.691,60974,3.0703
37,600,1.742,61022,3.0727
37,600,1.793,60782,3.0607
37,600,1.845,60814,3.0623
37,600,1.896,60110,3.0268
37,600,1.947,61150,3.0792
37,600,1.998,60526,3.0478
37,600,2.050,60894,3.0663
37,600,2.101,60942,3.0687
37,600,2.152,61471,3.0954
37,600,2.203,60718,3.0574
37,600,2.255,59886,3.0155
37,600,2.306,59950,3.0188
37,600,2.357,60958,3.0695
37,600,2.408,60478,3.0454
37,600,2.460,60014,3.0220
37,600,2.511,60606,3.0518
37,600,2.562,60958,3.0695
37,600,2.613,59998,3.0212
37,600,2.665,61615,3.1026
37,600,2.716,60222,3.0325
37,600,2.767,61647,3.1042
37,600,2.818,60398,3.0413
37,600,2.870,59918,3.0172
37,600,2.921,61503,3.0970
37,600,2.972,60574,3.0502
38,600,0.000,61503,3.0970
38,600,0.051,60046,3.0236
38,600,0.102,60574,3.0502
38,600,0.154,60718,3.0574
38,600,0.205,60254,3.0341
38,600,0.256,61663,3.1050
38,600,0.307,61663,3.1050
38,600,0.358,61326,3.0881
38,600,0.409,60574,3.0502
38,600,0.460,60254,3.0341
38,600,0.512,60494,3.0462
38,600,0.563,60990,3.0711
38,600,0.614,61438,3.0937
38,600,0.665,61471,3.0954
38,600,0.717,61487,3.0962
38,600,0.768,61262,3.0848
38,600,0.819,60158,3.0292
38,600,0.871,60158,3.0292
38,600,0.922,60718,3.0574
38,600,0.973,60430,3.0429
38,600,1.024,60190,3.0309
38,600,1.076,61230,3.0832
38,600,1.127,61214,3.0824
38,600,1.178,60078,3.0252
38,600,1.229,61791,3.1115
38,600,1.281,59982,3.0204
38,600,1.332,61551,3.0994
38,600,1.383,61182,3.0808
38,600,1.434,61775,3.1107
38,600,1.486,61374,3.0905
38,600,1.537,60094,3.0260
38,600,1.588,60046,3.0236
38,600,1.639,61422,3.0929
38,600,1.691,60398,3.0413
38,600,1.742,61519,3.0978
38,600,1.793,61663,3.1050
38,600,1.844,61679,3.1058
38,600,1.895,61615,3.1026
38,600,1.946,60222,3.0325
38,600,1.997,61679,3.1058
38,600,2.049,61422,3.0929
38,600,2.100,61583,3.1010
38,600,2.151,61727,3.1082
38,600,2.202,60222,3.0325
38,600,2.254,61374,3.0905
38,600,2.305,60046,3.0236
38,600,2.356,60254,3.0341
38,600,2.407,60798,3.0615
38,600,2.459,61390,3.0913
38,600,2.510,61551,3.0994
38,600,2.561,61438,3.0937
38,600,2.612,60526,3.0478
38,600,2.663,60510,3.0470
38,600,2.714,61727,3.1082
38,600,2.765,60270,3.0349
38,600,2.816,59998,3.0212
38,600,2.868,61791,3.1115
38,600,2.919,61679,3.1058
38,600,2.970,61086,3.0760
39,600,0.001,60158,3.0292
39,600,0.052,61150,3.0792
39,600,0.104,61487,3.0962
39,600,0.155,61791,3.1115
39,600,0.206,61166,3.0800
39,600,0.257,60206,3.0317
39,600,0.309,60942,3.0687
39,600,0.360,60686,3.0558
39,600,0.411,61599,3.1018
39,600,0.462,60878,3.0655
39,600,0.514,61711,3.1074
39,600,0.565,61342,3.0889
39,600,0.616,61086,3.0760
39,600,0.667,61246,3.0840
39,600,0.719,61038,3.0736
39,600,0.770,60942,3.0687
39,600,0.821,61727,3.1082
39,600,0.872,60126,3.0276
39,600,0.924,61230,3.0832
39,600,0.975,60590,3.0510
39,600,1.026,60334,3.0381
39,600,1.077,61166,3.0800
39,600,1.128,60190,3.0309
39,600,1.179,61759,3.1099
39,600,1.230,61150,3.0792
39,600,1.281,61631,3.1034
39,600,1.333,60878,3.0655
39,600,1.384,60382,3.0405
39,600,1.435,61487,3.0962
39,600,1.486,61390,3.0913
39,600,1.538,61743,3.1091
39,600,1.589,60110,3.0268
39,600,1.640,61775,3.1107
39,600,1.691,60686,3.0558
39,600,1.743,60910,3.0671
39,600,1.794,60174,3.0300
39,600,1.845,60462,3.0446
39,600,1.896,61022,3.0727
39,600,1.948,61759,3.1099
39,600,1.999,61519,3.0978
39,600,2.050,61839,3.1139
39,600,2.101,60878,3.0655
39,600,2.152,61038,3.0736
39,600,2.203,60142,3.0284
39,600,2.254,61711,3.1074
39,600,2.305,61823,3.1131
39,600,2.357,61583,3.1010
39,600,2.408,61471,3.0954
39,600,2.459,60254,3.0341
39,600,2.510,60622,3.0526
39,600,2.562,61503,3.0970
39,600,2.613,60238,3.0333
39,600,2.664,60510,3.0470
39,600,2.715,60126,3.0276
39,600,2.766,61070,3.0752
39,600,2.817,61871,3.1155
39,600,2.868,61503,3.0970
39,600,2.919,60622,3.0526
39,600,2.971,61775,3.1107
40,700,0.000,60462,3.0446
40,700,0.052,59870,3.0147
40,700,0.103,60510,3.0470
40,700,0.154,60302,3.0365
40,700,0.206,60654,3.0542
40,700,0.257,60590,3.0510
40,700,0.308,59518,2.9970
40,700,0.359,59598,3.0010
40,700,0.411,60686,3.0558
40,700,0.462,59838,3.0131
40,700,0.513,59166,2.9793
40,700,0.564,60318,3.0373
40,700,0.615,60350,3.0389
40,700,0.666,59102,2.9761
40,700,0.717,60686,3.0558
40,700,0.769,60702,3.0566
40,700,0.820,60654,3.0542
40,700,0.871,60206,3.0317
40,700,0.922,60510,3.0470
40,700,0.974,59182,2.9801
40,700,1.025,59054,2.9737
40,700,1.076,60190,3.0309
40,700,1.127,59278,2.9849
40,700,1.179,60862,3.0647
40,700,1.230,59694,3.0059
40,700,1.281,60030,3.0228
40,700,1.332,59358,2.9890
40,700,1.384,60750,3.0591
40,700,1.435,60798,3.0615
40,700,1.486,59086,2.9753
40,700,1.537,60350,3.0389
40,700,1.589,59822,3.0123
40,700,1.640,60478,3.0454
40,700,1.691,59662,3.0043
40,700,1.742,60382,3.0405
40,700,1.794,60558,3.0494
40,700,1.845,60814,3.0623
40,700,1.896,60110,3.0268
40,700,1.947,60382,3.0405
40,700,1.999,60318,3.0373
40,700,2.050,59374,2.9898
40,700,2.101,60734,3.0582
40,700,2.152,60558,3.0494
40,700,2.203,59198,2.9809
40,700,2.254,60782,3.0607
40,700,2.305,60446,3.0437
40,700,2.356,60110,3.0268
40,700,2.408,60430,3.0429
40,700,2.459,59598,3.0010
40,700,2.510,60238,3.0333
40,700,2.561,60254,3.0341
40,700,2.613,59998,3.0212
40,700,2.664,59118,2.9769
40,700,2.715,60590,3.0510
40,700,2.766,58910,2.9664
40,700,2.818,59038,2.9728
40,700,2.869,59038,2.9728
40,700,2.920,59710,3.0067
40,700,2.971,60702,3.0566
41,700,0.000,60238,3.0333
41,700,0.051,59214,2.9817
41,700,0.103,60094,3.0260
41,700,0.154,60078,3.0252
41,700,0.205,60702,3.0566
41,700,0.256,60510,3.0470
41,700,0.307,60686,3.0558
41,700,0.358,59534,2.9978
41,700,0.409,60158,3.0292
41,700,0.461,59454,2.9938
41,700,0.512,60702,3.0566
41,700,0.563,60430,3.0429
41,700,0.615,60574,3.0502
41,700,0.666,59614,3.0018
41,700,0.717,60254,3.0341
41,700,0.768,59310,2.9865
41,700,0.819,60334,3.0381
41,700,0.870,59678,3.0051
41,700,0.921,59230,2.9825
41,700,0.972,60942,3.0687
41,700,1.024,60222,3.0325
41,700,1.075,60238,3.0333
41,700,1.126,59534,2.9978
41,700,1.177,60350,3.0389
41,700,1.229,60318,3.0373
41,700,1.280,60462,3.0446
41,700,1.331,61086,3.0760
41,700,1.382,60766,3.0599
41,700,1.434,60846,3.0639
41,700,1.485,60478,3.0454
41,700,1.536,60094,3.0260
41,700,1.587,60942,3.0687
41,700,1.639,59486,2.9954
41,700,1.690,59998,3.0212
41,700,1.741,60878,3.0655
41,700,1.792,59246,2.9833
41,700,1.844,59582,3.0002
41,700,1.895,60734,3.0582
41,700,1.946,60222,3.0325
41,700,1.997,59662,3.0043
41,700,2.049,60270,3.0349
41,700,2.100,59486,2.9954
41,700,2.151,60574,3.0502
41,700,2.202,60094,3.0260
41,700,2.254,60878,3.0655
41,700,2.305,60894,3.0663
41,700,2.356,60734,3.0582
41,700,2.407,60062,3.0244
41,700,2.459,60926,3.0679
41,700,2.510,59950,3.0188
41,700,2.561,60558,3.0494
41,700,2.612,59406,2.9914
41,700,2.664,60558,3.0494
41,700,2.715,60366,3.0397
41,700,2.766,60606,3.0518
41,700,2.817,60766,3.0599
41,700,2.869,61070,3.0752
41,700,2.920,59934,3.0180
41,700,2.971,59870,3.0147
42,700,0.001,59150,2.9785
42,700,0.052,60734,3.0582
42,700,0.104,59326,2.9873
42,700,0.155,60590,3.0510
42,700,0.206,60942,3.0687
42,700,0.257,60334,3.0381
42,700,0.308,59102,2.9761
42,700,0.359,59630,3.0027
42,700,0.410,60366,3.0397
42,700,0.461,60046,3.0236
42,700,0.512,60878,3.0655
42,700,0.563,60878,3.0655
42,700,0.614,59486,2.9954
42,700,0.666,60478,3.0454
42,700,0.717,60574,3.0502
42,700,0.768,60974,3.0703
42,700,0.820,60606,3.0518
42,700,0.871,59342,2.9882
42,700,0.922,60574,3.0502
42,700,0.973,59454,2.9938
42,700,1.025,60926,3.0679
42,700,1.076,59806,3.0115
42,700,1.127,60094,3.0260
42,700,1.178,60862,3.0647
42,700,1.229,59790,3.0107
42,700,1.281,60734,3.0582
42,700,1.332,60446,3.0437
42,700,1.383,60670,3.0550
42,700,1.434,59486,2.9954
42,700,1.485,60206,3.0317
42,700,1.536,59422,2.9922
42,700,1.587,59566,2.9994
42,700,1.639,59790,3.0107
42,700,1.690,59214,2.9817
42,700,1.741,59662,3.0043
42,700,1.792,60830,3.0631
42,700,1.844,59454,2.9938
42,700,1.895,60702,3.0566
42,700,1.946,59214,2.9817
42,700,1.997,59502,2.9962
42,700,2.049,60830,3.0631
42,700,2.100,60414,3.0421
42,700,2.151,59614,3.0018
42,700,2.202,60270,3.0349
42,700,2.253,59198,2.9809
42,700,2.304,60254,3.0341
42,700,2.355,60622,3.0526
42,700,2.406,59246,2.9833
42,700,2.458,60942,3.0687
42,700,2.509,60958,3.0695
42,700,2.560,59790,3.0107
42,700,2.611,59566,2.9994
42,700,2.662,60526,3.0478
42,700,2.713,60542,3.0486
42,700,2.764,59342,2.9882
42,700,2.815,60254,3.0341
42,700,2.867,60638,3.0534
42,700,2.918,60702,3.0566
42,700,2.969,60462,3.0446
43,800,0.000,60430,3.0429
43,800,0.051,59502,2.9962
43,800,0.103,60494,3.0462
43,800,0.154,61038,3.0736
43,800,0.205,59422,2.9922
43,800,0.256,60494,3.0462
43,800,0.308,59486,2.9954
43,800,0.359,59694,3.0059
43,800,0.410,60046,3.0236
43,800,0.461,59822,3.0123
43,800,0.513,60062,3.0244
43,800,0.564,60654,3.0542
43,800,0.615,59550,2.9986
43,800,0.667,60702,3.0566
43,800,0.718,61022,3.0727
43,800,0.769,60990,3.0711
43,800,0.820,60990,3.0711
43,800,0.871,59630,3.0027
43,800,0.923,60350,3.0389
43,800,0.974,61006,3.0719
43,800,1.025,59614,3.0018
43,800,1.076,59806,3.0115
43,800,1.127,59598,3.0010
43,800,1.178,60270,3.0349
43,800,1.229,61326,3.0881
43,800,1.281,60126,3.0276
43,800,1.332,60814,3.0623
43,800,1.383,60926,3.0679
43,800,1.434,59534,2.9978
43,800,1.486,60814,3.0623
43,800,1.537,59806,3.0115
43,800,1.588,60670,3.0550
43,800,1.639,59678,3.0051
43,800,1.690,59742,3.0083
43,800,1.741,61118,3.0776
43,800,1.792,59614,3.0018
43,800,1.844,59598,3.0010
43,800,1.895,61150,3.0792
43,800,1.946,60302,3.0365
43,800,1.997,61230,3.0832
43,800,2.049,60238,3.0333
43,800,2.100,60878,3.0655
43,800,2.151,60942,3.0687
43,800,2.202,60430,3.0429
43,800,2.254,60862,3.0647
43,800,2.305,60462,3.0446
43,800,2.356,60990,3.0711
43,800,2.407,60846,3.0639
43,800,2.459,59470,2.9946
43,800,2.510,60750,3.0591
43,800,2.561,59822,3.0123
43,800,2.612,59934,3.0180
43,800,2.663,60254,3.0341
43,800,2.714,61022,3.0727
43,800,2.765,59966,3.0196
43,800,2.816,60654,3.0542
43,800,2.868,61102,3.0768
43,800,2.919,59726,3.0075
43,800,2.970,61278,3.0856
44,800,0.000,59534,2.9978
44,800,0.051,59710,3.0067
44,800,0.102,60126,3.0276
44,800,0.153,59566,2.9994
44,800,0.205,59790,3.0107
44,800,0.256,61022,3.0727
44,800,0.307,60014,3.0220
44,800,0.358,60942,3.0687
44,800,0.410,60078,3.0252
44,800,0.461,61150,3.0792
44,800,0.512,59790,3.0107
44,800,0.563,59934,3.0180
44,800,0.615,61134,3.0784
44,800,0.666,59758,3.0091
44,800,0.717,61022,3.0727
44,800,0.768,61166,3.0800
44,800,0.819,60350,3.0389
44,800,0.870,61022,3.0727
44,800,0.921,60510,3.0470
44,800,0.972,59374,2.9898
44,800,1.024,59486,2.9954
44,800,1.075,60510,3.0470
44,800,1.126,60782,3.0607
44,800,1.177,60206,3.0317
44,800,1.228,59486,2.9954
44,800,1.279,60702,3.0566
44,800,1.330,60526,3.0478
44,800,1.382,61150,3.0792
44,800,1.433,61326,3.0881
44,800,1.484,60574,3.0502
44,800,1.535,61102,3.0768
44,800,1.587,59742,3.0083
44,800,1.638,59550,2.9986
44,800,1.689,60254,3.0341
44,800,1.740,61022,3.0727
44,800,1.792,61150,3.0792
44,800,1.843,60078,3.0252
44,800,1.894,61102,3.0768
44,800,1.945,60206,3.0317
44,800,1.997,60718,3.0574
44,800,2.048,61038,3.0736
44,800,2.099,60894,3.0663
44,800,2.150,60830,3.0631
44,800,2.202,61022,3.0727
44,800,2.253,61230,3.0832
44,800,2.304,61022,3.0727
44,800,2.355,60830,3.0631
44,800,2.407,59886,3.0155
44,800,2.458,59582,3.0002
44,800,2.509,61038,3.0736
44,800,2.561,59758,3.0091
44,800,2.612,61278,3.0856
44,800,2.663,61294,3.0864
44,800,2.714,60638,3.0534
44,800,2.765,59982,3.0204
44,800,2.816,59886,3.0155
44,800,2.867,61390,3.0913
44,800,2.918,60510,3.0470
44,800,2.970,60926,3.0679
45,800,0.000,60190,3.0309
45,800,0.051,60702,3.0566
45,800,0.103,61134,3.0784
45,800,0.154,60366,3.0397
45,800,0.205,61150,3.0792
45,800,0.257,60190,3.0309
45,800,0.308,59854,3.0139
45,800,0.359,60062,3.0244
45,800,0.410,59454,2.9938
45,800,0.462,60510,3.0470
45,800,0.513,59534,2.9978
45,800,0.564,60622,3.0526
45,800,0.615,61118,3.0776
45,800,0.667,61214,3.0824
45,800,0.718,59646,3.0035
45,800,0.769,59614,3.0018
45,800,0.820,60862,3.0647
45,800,0.871,59486,2.9954
45,800,0.922,60110,3.0268
45,800,0.973,61214,3.0824
45,800,1.025,61246,3.0840
45,800,1.076,61038,3.0736
45,800,1.127,60798,3.0615
45,800,1.178,60094,3.0260
45,800,1.230,60494,3.0462
45,800,1.281,61182,3.0808
45,800,1.332,60830,3.0631
45,800,1.383,60254,3.0341
45,800,1.435,59886,3.0155
45,800,1.486,60190,3.0309
45,800,1.537,61358,3.0897
45,800,1.588,60142,3.0284
45,800,1.640,61374,3.0905
45,800,1.696,59742,3.0083
45,800,1.748,59726,3.0075
45,800,1.799,60766,3.0599
45,800,1.850,60110,3.0268
45,800,1.901,60702,3.0566
45,800,1.953,59918,3.0172
45,800,2.004,61438,3.0937
45,800,2.055,61374,3.0905
45,800,2.106,60462,3.0446
45,800,2.158,60110,3.0268
45,800,2.209,61326,3.0881
45,800,2.260,60798,3.0615
45,800,2.311,60974,3.0703
45,800,2.363,60862,3.0647
45,800,2.414,61246,3.0840
45,800,2.465,61326,3.0881
45,800,2.516,61294,3.0864
45,800,2.568,60574,3.0502
45,800,2.619,61150,3.0792
45,800,2.670,61086,3.0760
45,800,2.721,59790,3.0107
45,800,2.773,60014,3.0220
45,800,2.824,60478,3.0454
45,800,2.875,60046,3.0236
45,800,2.926,60590,3.0510
45,800,2.978,59710,3.0067
46,900,0.000,62015,3.1228
46,900,0.052,60686,3.0558
46,900,0.103,61871,3.1155
46,900,0.154,62271,3.1356
46,900,0.206,61887,3.1163
46,900,0.257,61358,3.0897
46,900,0.308,61599,3.1018
46,900,0.359,62207,3.1324
46,900,0.410,62127,3.1284
46,900,0.461,62271,3.1356
46,900,0.512,61839,3.1139
46,900,0.563,61967,3.1203
46,900,0.615,61262,3.0848
46,900,0.666,62191,3.1316
46,900,0.717,62239,3.1340
46,900,0.768,61983,3.1211
46,900,0.820,61134,3.0784
46,900,0.871,62063,3.1252
46,900,0.922,60910,3.0671
46,900,0.973,61150,3.0792
46,900,1.025,61983,3.1211
46,900,1.076,61535,3.0986
46,900,1.127,60766,3.0599
46,900,1.178,62287,3.1364
46,900,1.230,62159,3.1300
46,900,1.281,60702,3.0566
46,900,1.332,62431,3.1437
46,900,1.383,62303,3.1373
46,900,1.434,62351,3.1397
46,900,1.485,60846,3.0639
46,900,1.536,60750,3.0591
46,900,1.587,60718,3.0574
46,900,1.639,61198,3.0816
46,900,1.690,62319,3.1381
46,900,1.741,61743,3.1091
46,900,1.792,62351,3.1397
46,900,1.844,62399,3.1421
46,900,1.895,61022,3.0727
46,900,1.946,62319,3.1381
46,900,1.997,61807,3.1123
46,900,2.049,62367,3.1405
46,900,2.100,60638,3.0534
46,900,2.151,62287,3.1364
46,900,2.202,62111,3.1276
46,900,2.253,61134,3.0784
46,900,2.304,60638,3.0534
46,900,2.355,62431,3.1437
46,900,2.406,60686,3.0558
46,900,2.458,61390,3.0913
46,900,2.509,61583,3.1010
46,900,2.560,62351,3.1397
46,900,2.611,61935,3.1187
46,900,2.662,62383,3.1413
46,900,2.713,62287,3.1364
46,900,2.764,62095,3.1268
46,900,2.815,61214,3.0824
46,900,2.867,60622,3.0526
46,900,2.918,60686,3.0558
46,900,2.969,62015,3.1228
47,900,0.000,62399,3.1421
47,900,0.052,62351,3.1397
47,900,0.103,61983,3.1211
47,900,0.154,61310,3.0873
47,900,0.206,62239,3.1340
47,900,0.257,61294,3.0864
47,900,0.308,62415,3.1429
47,900,0.359,60782,3.0607
47,900,0.411,61599,3.1018
47,900,0.462,62623,3.1534
47,900,0.513,61727,3.1082
47,900,0.564,62127,3.1284
47,900,0.616,61038,3.0736
47,900,0.667,61134,3.0784
47,900,0.718,61166,3.0800
47,900,0.769,62287,3.1364
47,900,0.821,62415,3.1429
47,900,0.872,62367,3.1405
47,900,0.923,62367,3.1405
47,900,0.974,61086,3.0760
47,900,1.026,61871,3.1155
47,900,1.077,62191,3.1316
47,900,1.128,61743,3.1091
47,900,1.179,60846,3.0639
47,900,1.231,62399,3.1421
47,900,1.282,62351,3.1397
47,900,1.333,61406,3.0921
47,900,1.385,62447,3.1445
47,900,1.436,60862,3.0647
47,900,1.487,60990,3.0711
47,900,1.538,61503,3.0970
47,900,1.589,62239,3.1340
47,900,1.640,61567,3.1002
47,900,1.691,61118,3.0776
47,900,1.742,61134,3.0784
47,900,1.793,60878,3.0655
47,900,1.844,61374,3.0905
47,900,1.895,61535,3.0986
47,900,1.946,61775,3.1107
47,900,1.998,61519,3.0978
47,900,2.049,62351,3.1397
47,900,2.100,62223,3.1332
47,900,2.151,62191,3.1316
47,900,2.203,62095,3.1268
47,900,2.254,61326,3.0881
47,900,2.305,60702,3.0566
47,900,2.356,62047,3.1244
47,900,2.408,62319,3.1381
47,900,2.459,60782,3.0607
47,900,2.510,62527,3.1485
47,900,2.561,62047,3.1244
47,900,2.612,61422,3.0929
47,900,2.663,62319,3.1381
47,900,2.714,62095,3.1268
47,900,2.765,62367,3.1405
47,900,2.817,61839,3.1139
47,900,2.868,60830,3.0631
47,900,2.919,61519,3.0978
47,900,2.970,62239,3.1340
48,900,0.000,62303,3.1373
48,900,0.051,60894,3.0663
48,900,0.102,62143,3.1292
48,900,0.153,60766,3.0599
48,900,0.205,60910,3.0671
48,900,0.256,62159,3.1300
48,900,0.307,62271,3.1356
48,900,0.358,62175,3.1308
48,900,0.409,62271,3.1356
48,900,0.461,62367,3.1405
48,900,0.512,61647,3.1042
48,900,0.563,61150,3.0792
48,900,0.614,61438,3.0937
48,900,0.665,62031,3.1236
48,900,0.716,61855,3.1147
48,900,0.767,61342,3.0889
48,900,0.819,62399,3.1421
48,900,0.870,62127,3.1284
48,900,0.921,61519,3.0978
48,900,0.972,61471,3.0954
48,900,1.024,62319,3.1381
48,900,1.075,61871,3.1155
48,900,1.126,61487,3.0962
48,900,1.177,60766,3.0599
48,900,1.228,61166,3.0800
48,900,1.279,62495,3.1469
48,900,1.330,61342,3.0889
48,900,1.381,62271,3.1356
48,900,1.432,62271,3.1356
48,900,1.483,62095,3.1268
48,900,1.534,60814,3.0623
48,900,1.585,61006,3.0719
48,900,1.637,61358,3.0897
48,900,1.688,60766,3.0599
48,900,1.739,61999,3.1219
48,900,1.790,61599,3.1018
48,900,1.842,61262,3.0848
48,900,1.893,60750,3.0591
48,900,1.944,62175,3.1308
48,900,1.995,61118,3.0776
48,900,2.047,60846,3.0639
48,900,2.098,60878,3.0655
48,900,2.149,62495,3.1469
48,900,2.200,62303,3.1373
48,900,2.251,60782,3.0607
48,900,2.302,62623,3.1534
48,900,2.353,61631,3.1034
48,900,2.404,60862,3.0647
48,900,2.456,60894,3.0663
48,900,2.507,60750,3.0591
48,900,2.558,61647,3.1042
48,900,2.609,61887,3.1163
48,900,2.661,60766,3.0599
48,900,2.712,61054,3.0744
48,900,2.763,61743,3.1091
48,900,2.814,62383,3.1413
48,900,2.865,62287,3.1364
48,900,2.916,62479,3.1461
48,900,2.967,61663,3.1050
49,1000,0.000,61791,3.1115
49,1000,0.051,61583,3.1010
49,1000,0.102,62047,3.1244
49,1000,0.153,62575,3.1509
49,1000,0.204,62383,3.1413
49,1000,0.255,62447,3.1445
49,1000,0.307,62095,3.1268
49,1000,0.358,61855,3.1147
49,1000,0.409,60942,3.0687
49,1000,0.460,62175,3.1308
49,1000,0.511,60990,3.0711
49,1000,0.562,62223,3.1332
49,1000,0.613,61374,3.0905
49,1000,0.665,62511,3.1477
49,1000,0.716,62415,3.1429
49,1000,0.767,61519,3.0978
49,1000,0.818,62527,3.1485
49,1000,0.870,62591,3.1518
49,1000,0.921,62559,3.1501
49,1000,0.972,62287,3.1364
49,1000,1.023,62383,3.1413
49,1000,1.075,62479,3.1461
49,1000,1.126,61903,3.1171
49,1000,1.177,62447,3.1445
49,1000,1.228,62511,3.1477
49,1000,1.280,60958,3.0695
49,1000,1.331,60942,3.0687
49,1000,1.382,62383,3.1413
49,1000,1.433,61134,3.0784
49,1000,1.484,62559,3.1501
49,1000,1.535,61390,3.0913
49,1000,1.586,60958,3.0695
49,1000,1.637,61711,3.1074
49,1000,1.689,62303,3.1373
49,1000,1.740,62607,3.1526
49,1000,1.791,60910,3.0671
49,1000,1.842,62543,3.1493
49,1000,1.894,62655,3.1550
49,1000,1.945,62271,3.1356
49,1000,1.996,60846,3.0639
49,1000,2.047,62175,3.1308
49,1000,2.099,61086,3.0760
49,1000,2.150,62207,3.1324
49,1000,2.201,62271,3.1356
49,1000,2.252,61583,3.1010
49,1000,2.303,62367,3.1405
49,1000,2.354,62415,3.1429
49,1000,2.405,60942,3.0687
49,1000,2.456,62399,3.1421
49,1000,2.507,62495,3.1469
49,1000,2.558,61551,3.0994
49,1000,2.609,62367,3.1405
49,1000,2.660,60942,3.0687
49,1000,2.712,62655,3.1550
49,1000,2.763,61150,3.0792
49,1000,2.814,62159,3.1300
49,1000,2.865,61519,3.0978
49,1000,2.917,62399,3.1421
49,1000,2.968,62527,3.1485
50,1000,0.000,61134,3.0784
50,1000,0.051,61198,3.0816
50,1000,0.103,60766,3.0599
50,1000,0.154,60750,3.0591
50,1000,0.205,62399,3.1421
50,1000,0.256,61903,3.1171
50,1000,0.308,61839,3.1139
50,1000,0.359,62175,3.1308
50,1000,0.410,61086,3.0760
50,1000,0.461,60766,3.0599
50,1000,0.513,62175,3.1308
50,1000,0.564,62543,3.1493
50,1000,0.615,62223,3.1332
50,1000,0.666,62047,3.1244
50,1000,0.718,60878,3.0655
50,1000,0.769,61278,3.0856
50,1000,0.820,62367,3.1405
50,1000,0.871,61839,3.1139
50,1000,0.923,62143,3.1292
50,1000,0.974,62175,3.1308
50,1000,1.025,62623,3.1534
50,1000,1.076,62095,3.1268
50,1000,1.128,62287,3.1364
50,1000,1.179,61759,3.1099
50,1000,1.230,61406,3.0921
50,1000,1.281,62463,3.1453
50,1000,1.333,61519,3.0978
50,1000,1.384,61759,3.1099
50,1000,1.435,62159,3.1300
50,1000,1.486,62655,3.1550
50,1000,1.538,62303,3.1373
50,1000,1.589,62031,3.1236
50,1000,1.640,61471,3.0954
50,1000,1.691,61887,3.1163
50,1000,1.742,62511,3.1477
50,1000,1.793,62559,3.1501
50,1000,1.844,62495,3.1469
50,1000,1.895,60926,3.0679
50,1000,1.947,62479,3.1461
50,1000,1.998,62415,3.1429
50,1000,2.049,61855,3.1147
50,1000,2.100,61022,3.0727
50,1000,2.151,61919,3.1179
50,1000,2.202,61791,3.1115
50,1000,2.253,61983,3.1211
50,1000,2.304,62383,3.1413
50,1000,2.356,62479,3.1461
50,1000,2.407,61615,3.1026
50,1000,2.458,62527,3.1485
50,1000,2.509,62175,3.1308
50,1000,2.561,62527,3.1485
50,1000,2.612,62143,3.1292
50,1000,2.663,60894,3.0663
50,1000,2.714,62431,3.1437
50,1000,2.766,62303,3.1373
50,1000,2.817,62399,3.1421
50,1000,2.868,61166,3.0800
50,1000,2.919,60846,3.0639
50,1000,2.970,61022,3.0727
51,1000,0.000,61038,3.0736
51,1000,0.051,62271,3.1356
51,1000,0.102,61615,3.1026
51,1000,0.153,61855,3.1147
51,1000,0.205,62511,3.1477
51,1000,0.256,61487,3.0962
51,1000,0.307,62303,3.1373
51,1000,0.358,60942,3.0687
51,1000,0.410,61390,3.0913
51,1000,0.461,61583,3.1010
51,1000,0.512,61871,3.1155
51,1000,0.563,62159,3.1300
51,1000,0.614,60862,3.0647
51,1000,0.666,61278,3.0856
51,1000,0.717,62527,3.1485
51,1000,0.768,61487,3.0962
51,1000,0.819,62479,3.1461
51,1000,0.870,62271,3.1356
51,1000,0.921,61935,3.1187
51,1000,0.972,61983,3.1211
51,1000,1.023,62527,3.1485
51,1000,1.074,62063,3.1252
51,1000,1.125,61871,3.1155
51,1000,1.176,62175,3.1308
51,1000,1.228,62127,3.1284
51,1000,1.279,61086,3.0760
51,1000,1.330,61775,3.1107
51,1000,1.381,62511,3.1477
51,1000,1.433,61583,3.1010
51,1000,1.484,61631,3.1034
51,1000,1.535,62623,3.1534
51,1000,1.586,62367,3.1405
51,1000,1.637,61903,3.1171
51,1000,1.688,62527,3.1485
51,1000,1.739,62095,3.1268
51,1000,1.790,62543,3.1493
51,1000,1.841,62367,3.1405
51,1000,1.892,62479,3.1461
51,1000,1.943,61871,3.1155
51,1000,1.994,61599,3.1018
51,1000,2.046,62639,3.1542
51,1000,2.097,60990,3.0711
51,1000,2.148,62479,3.1461
51,1000,2.199,60926,3.0679
51,1000,2.251,60878,3.0655
51,1000,2.302,62191,3.1316
51,1000,2.353,61599,3.1018
51,1000,2.404,62287,3.1364
51,1000,2.456,62399,3.1421
51,1000,2.507,61535,3.0986
51,1000,2.558,60878,3.0655
51,1000,2.609,61278,3.0856
51,1000,2.661,61599,3.1018
51,1000,2.712,62191,3.1316
51,1000,2.763,61519,3.0978
51,1000,2.814,62063,3.1252
51,1000,2.866,62559,3.1501
51,1000,2.917,62607,3.1526
51,1000,2.968,61503,3.0970
52,1200,0.001,61551,3.0994
52,1200,0.052,62463,3.1453
52,1200,0.104,62383,3.1413
52,1200,0.155,62607,3.1526
52,1200,0.206,62111,3.1276
52,1200,0.257,62623,3.1534
52,1200,0.309,62143,3.1292
52,1200,0.360,61871,3.1155
52,1200,0.411,61967,3.1203
52,1200,0.462,61134,3.0784
52,1200,0.514,61038,3.0736
52,1200,0.565,61807,3.1123
52,1200,0.616,62655,3.1550
52,1200,0.667,62399,3.1421
52,1200,0.719,61743,3.1091
52,1200,0.770,62447,3.1445
52,1200,0.821,61294,3.0864
52,1200,0.872,62351,3.1397
52,1200,0.924,61583,3.1010
52,1200,0.975,62239,3.1340
52,1200,1.026,62223,3.1332
52,1200,1.077,62639,3.1542
52,1200,1.129,62671,3.1558
52,1200,1.180,61006,3.0719
52,1200,1.231,62655,3.1550
52,1200,1.282,62655,3.1550
52,1200,1.334,62623,3.1534
52,1200,1.385,61711,3.1074
52,1200,1.436,62655,3.1550
52,1200,1.487,61583,3.1010
52,1200,1.539,62543,3.1493
52,1200,1.590,61599,3.1018
52,1200,1.641,62351,3.1397
52,1200,1.692,62383,3.1413
52,1200,1.744,62271,3.1356
52,1200,1.795,61006,3.0719
52,1200,1.846,62495,3.1469
52,1200,1.898,62847,3.1646
52,1200,1.949,61807,3.1123
52,1200,2.000,61791,3.1115
52,1200,2.051,62863,3.1655
52,1200,2.102,62111,3.1276
52,1200,2.154,62175,3.1308
52,1200,2.205,61070,3.0752
52,1200,2.256,62527,3.1485
52,1200,2.307,62303,3.1373
52,1200,2.358,61871,3.1155
52,1200,2.409,62367,3.1405
52,1200,2.460,61134,3.0784
52,1200,2.512,62383,3.1413
52,1200,2.563,61839,3.1139
52,1200,2.614,62287,3.1364
52,1200,2.665,61887,3.1163
52,1200,2.716,62175,3.1308
52,1200,2.767,61743,3.1091
52,1200,2.818,61791,3.1115
52,1200,2.869,62527,3.1485
52,1200,2.921,61455,3.0946
52,1200,2.972,61038,3.0736
53,1200,0.001,60894,3.0663
53,1200,0.052,62415,3.1429
53,1200,0.104,61967,3.1203
53,1200,0.155,61839,3.1139
53,1200,0.206,61326,3.0881
53,1200,0.257,62447,3.1445
53,1200,0.309,60926,3.0679
53,1200,0.360,62255,3.1348
53,1200,0.411,61647,3.1042
53,1200,0.462,60942,3.0687
53,1200,0.514,62575,3.1509
53,1200,0.565,61471,3.0954
53,1200,0.616,62287,3.1364
53,1200,0.667,61422,3.0929
53,1200,0.719,62687,3.1566
53,1200,0.770,61551,3.0994
53,1200,0.821,61278,3.0856
53,1200,0.872,61230,3.0832
53,1200,0.924,61086,3.0760
53,1200,0.975,61535,3.0986
53,1200,1.026,62543,3.1493
53,1200,1.077,61438,3.0937
53,1200,1.129,62607,3.1526
53,1200,1.180,61134,3.0784
53,1200,1.231,62367,3.1405
53,1200,1.282,62095,3.1268
53,1200,1.334,60894,3.0663
53,1200,1.385,62239,3.1340
53,1200,1.436,61807,3.1123
53,1200,1.487,62319,3.1381
53,1200,1.539,61230,3.0832
53,1200,1.590,61887,3.1163
53,1200,1.641,61070,3.0752
53,1200,1.692,62559,3.1501
53,1200,1.743,61631,3.1034
53,1200,1.794,60942,3.0687
53,1200,1.845,61759,3.1099
53,1200,1.896,62367,3.1405
53,1200,1.948,62127,3.1284
53,1200,1.999,62495,3.1469
53,1200,2.050,61967,3.1203
53,1200,2.101,61118,3.0776
53,1200,2.153,60974,3.0703
53,1200,2.204,62271,3.1356
53,1200,2.255,62559,3.1501
53,1200,2.306,60942,3.0687
53,1200,2.358,62047,3.1244
53,1200,2.409,62607,3.1526
53,1200,2.460,62255,3.1348
53,1200,2.511,61326,3.0881
53,1200,2.562,62607,3.1526
53,1200,2.613,62127,3.1284
53,1200,2.664,60990,3.0711
53,1200,2.715,62735,3.1590
53,1200,2.767,60878,3.0655
53,1200,2.818,62255,3.1348
53,1200,2.869,61070,3.0752
53,1200,2.920,61999,3.1219
53,1200,2.971,61583,3.1010
54,1200,0.000,61342,3.0889
54,1200,0.051,62479,3.1461
54,1200,0.103,61663,3.1050
54,1200,0.154,62207,3.1324
54,1200,0.205,62095,3.1268
54,1200,0.256,60718,3.0574
54,1200,0.308,61278,3.0856
54,1200,0.359,62047,3.1244
54,1200,0.410,62031,3.1236
54,1200,0.461,62399,3.1421
54,1200,0.513,62431,3.1437
54,1200,0.564,61615,3.1026
54,1200,0.615,60958,3.0695
54,1200,0.666,62127,3.1284
54,1200,0.717,61807,3.1123
54,1200,0.768,62527,3.1485
54,1200,0.819,61519,3.0978
54,1200,0.871,61999,3.1219
54,1200,0.922,61839,3.1139
54,1200,0.973,62095,3.1268
54,1200,1.024,61951,3.1195
54,1200,1.075,60654,3.0542
54,1200,1.126,62543,3.1493
54,1200,1.177,60910,3.0671
54,1200,1.229,61887,3.1163
54,1200,1.280,60734,3.0582
54,1200,1.331,62191,3.1316
54,1200,1.382,62463,3.1453
54,1200,1.433,60654,3.0542
54,1200,1.484,60814,3.0623
54,1200,1.535,60750,3.0591
54,1200,1.586,61647,3.1042
54,1200,1.638,62271,3.1356
54,1200,1.689,61326,3.0881
54,1200,1.740,60718,3.0574
54,1200,1.791,62287,3.1364
54,1200,1.843,62399,3.1421
54,1200,1.894,61230,3.0832
54,1200,1.945,61999,3.1219
54,1200,1.996,60830,3.0631
54,1200,2.048,62239,3.1340
54,1200,2.099,61471,3.0954
54,1200,2.150,62095,3.1268
54,1200,2.201,61663,3.1050
54,1200,2.253,62351,3.1397
54,1200,2.304,62351,3.1397
54,1200,2.355,62319,3.1381
54,1200,2.406,61839,3.1139
54,1200,2.458,62415,3.1429
54,1200,2.509,60766,3.0599
54,1200,2.560,62095,3.1268
54,1200,2.611,60942,3.0687
54,1200,2.662,62447,3.1445
54,1200,2.713,60862,3.0647
54,1200,2.764,61070,3.0752
54,1200,2.815,62367,3.1405
54,1200,2.867,60766,3.0599
54,1200,2.918,62271,3.1356
54,1200,2.969,61887,3.1163
55,1500,0.001,62015,3.1228
55,1500,0.052,62863,3.1655
55,1500,0.103,62351,3.1397
55,1500,0.154,62815,3.1630
55,1500,0.205,61262,3.0848
55,1500,0.256,61246,3.0840
55,1500,0.308,62383,3.1413
55,1500,0.359,61519,3.0978
55,1500,0.410,62543,3.1493
55,1500,0.461,62623,3.1534
55,1500,0.513,61214,3.0824
55,1500,0.564,62863,3.1655
55,1500,0.615,62047,3.1244
55,1500,0.666,62815,3.1630
55,1500,0.718,62111,3.1276
55,1500,0.769,61198,3.0816
55,1500,0.820,62047,3.1244
55,1500,0.871,61599,3.1018
55,1500,0.923,61214,3.0824
55,1500,0.974,62431,3.1437
55,1500,1.025,62831,3.1638
55,1500,1.076,61791,3.1115
55,1500,1.127,62159,3.1300
55,1500,1.178,61310,3.0873
55,1500,1.229,62831,3.1638
55,1500,1.281,61631,3.1034
55,1500,1.332,62047,3.1244
55,1500,1.383,62047,3.1244
55,1500,1.434,62431,3.1437
55,1500,1.486,62015,3.1228
55,1500,1.537,62623,3.1534
55,1500,1.588,61198,3.0816
55,1500,1.639,62111,3.1276
55,1500,1.691,61166,3.0800
55,1500,1.742,61503,3.0970
55,1500,1.793,61455,3.0946
55,1500,1.844,61246,3.0840
55,1500,1.895,62111,3.1276
55,1500,1.946,62623,3.1534
55,1500,1.997,62735,3.1590
55,1500,2.048,61166,3.0800
55,1500,2.099,62831,3.1638
55,1500,2.151,62015,3.1228
55,1500,2.202,61615,3.1026
55,1500,2.253,61246,3.0840
55,1500,2.305,62495,3.1469
55,1500,2.356,62751,3.1598
55,1500,2.407,61326,3.0881
55,1500,2.458,62863,3.1655
55,1500,2.509,61839,3.1139
55,1500,2.560,62655,3.1550
55,1500,2.611,62431,3.1437
55,1500,2.662,62527,3.1485
55,1500,2.713,62655,3.1550
55,1500,2.764,62911,3.1679
55,1500,2.815,61262,3.0848
55,1500,2.866,61214,3.0824
55,1500,2.918,61759,3.1099
55,1500,2.969,61967,3.1203
56,1500,0.000,61198,3.0816
56,1500,0.051,62415,3.1429
56,1500,0.102,61551,3.0994
56,1500,0.153,61487,3.0962
56,1500,0.204,61422,3.0929
56,1500,0.255,62239,3.1340
56,1500,0.307,62399,3.1421
56,1500,0.358,62687,3.1566
56,1500,0.409,61487,3.0962
56,1500,0.460,62511,3.1477
56,1500,0.511,61390,3.0913
56,1500,0.562,62511,3.1477
56,1500,0.613,62655,3.1550
56,1500,0.665,62447,3.1445
56,1500,0.716,61983,3.1211
56,1500,0.767,62607,3.1526
56,1500,0.818,62495,3.1469
56,1500,0.870,62863,3.1655
56,1500,0.921,62815,3.1630
56,1500,0.972,62143,3.1292
56,1500,1.023,61487,3.0962
56,1500,1.075,62239,3.1340
56,1500,1.126,62399,3.1421
56,1500,1.177,62303,3.1373
56,1500,1.229,62671,3.1558
56,1500,1.280,61390,3.0913
56,1500,1.331,61326,3.0881
56,1500,1.382,62831,3.1638
56,1500,1.433,61903,3.1171
56,1500,1.485,62767,3.1606
56,1500,1.536,62639,3.1542
56,1500,1.587,61935,3.1187
56,1500,1.638,62303,3.1373
56,1500,1.690,62719,3.1582
56,1500,1.741,62671,3.1558
56,1500,1.792,61214,3.0824
56,1500,1.843,62383,3.1413
56,1500,1.895,62095,3.1268
56,1500,1.946,61166,3.0800
56,1500,1.997,62095,3.1268
56,1500,2.048,61871,3.1155
56,1500,2.099,62831,3.1638
56,1500,2.150,62255,3.1348
56,1500,2.201,61839,3.1139
56,1500,2.252,61775,3.1107
56,1500,2.303,61471,3.0954
56,1500,2.354,61919,3.1179
56,1500,2.405,62623,3.1534
56,1500,2.456,62399,3.1421
56,1500,2.508,62735,3.1590
56,1500,2.559,61182,3.0808
56,1500,2.610,61887,3.1163
56,1500,2.661,61230,3.0832
56,1500,2.713,62431,3.1437
56,1500,2.764,62863,3.1655
56,1500,2.815,61695,3.1066
56,1500,2.866,62431,3.1437
56,1500,2.918,62447,3.1445
56,1500,2.969,62239,3.1340
57,1500,0.001,61743,3.1091
57,1500,0.052,62367,3.1405
57,1500,0.103,62863,3.1655
57,1500,0.154,62863,3.1655
57,1500,0.205,62271,3.1356
57,1500,0.256,62559,3.1501
57,1500,0.308,61342,3.0889
57,1500,0.359,62351,3.1397
57,1500,0.410,62703,3.1574
57,1500,0.461,62831,3.1638
57,1500,0.513,62303,3.1373
57,1500,0.564,61326,3.0881
57,1500,0.615,62271,3.1356
57,1500,0.666,62319,3.1381
57,1500,0.717,61374,3.0905
57,1500,0.768,61262,3.0848
57,1500,0.819,61358,3.0897
57,1500,0.871,62543,3.1493
57,1500,0.922,61631,3.1034
57,1500,0.973,62479,3.1461
57,1500,1.024,62031,3.1236
57,1500,1.075,61358,3.0897
57,1500,1.126,62623,3.1534
57,1500,1.177,63007,3.1727
57,1500,1.229,62895,3.1671
57,1500,1.280,62175,3.1308
57,1500,1.331,61983,3.1211
57,1500,1.382,61615,3.1026
57,1500,1.433,61438,3.0937
57,1500,1.484,61615,3.1026
57,1500,1.535,61631,3.1034
57,1500,1.586,61246,3.0840
57,1500,1.638,61791,3.1115
57,1500,1.689,62927,3.1687
57,1500,1.740,61807,3.1123
57,1500,1.791,61406,3.0921
57,1500,1.843,61326,3.0881
57,1500,1.894,62959,3.1703
57,1500,1.945,61663,3.1050
57,1500,1.996,62479,3.1461
57,1500,2.048,61519,3.0978
57,1500,2.099,62815,3.1630
57,1500,2.150,62671,3.1558
57,1500,2.201,62095,3.1268
57,1500,2.253,62783,3.1614
57,1500,2.304,62399,3.1421
57,1500,2.355,61487,3.0962
57,1500,2.406,62671,3.1558
57,1500,2.458,61455,3.0946
57,1500,2.509,62927,3.1687
57,1500,2.560,62863,3.1655
57,1500,2.611,62687,3.1566
57,1500,2.663,61471,3.0954
57,1500,2.714,61807,3.1123
57,1500,2.765,62623,3.1534
57,1500,2.816,61487,3.0962
57,1500,2.868,62607,3.1526
57,1500,2.919,62767,3.1606
57,1500,2.970,62671,3.1558
